Workbook

Sheet 10mm-ammo
A1: balancing.csv inputs | M1: calibers.csv damage inputs | T1: calculated torso damage by range | AB1: calibers.csv traits & penetration inputs | AI1: penetration model | AK1: source audit | AM1: weighted score
A2: name | B2: pretty_name | C2: ergonomics | D2: weight | E2: horizontal_recoil | F2: vertical_recoil | G2: barrel_deviation | H2: bullet_damage | I2: bullet_velocity | J2: fire_rate | K2: muzzle_loudness | L2: price | M2: damage_torso_a | N2: damage_torso_b | O2: damage_torso_c | P2: damage_torso_d | Q2: damage_arm_d | R2: damage_leg_d | S2: damage_head_d | T2: damage_25 | U2: damage_75 | V2: damage_150 | W2: damage_250 | X2: damage_375 | Y2: damage_400 | Z2: damage_500 | AA2: weighted_damage | AB2: velocity_drop | AC2: suppression | AD2: bullet_penetration_ability | AE2: pen_low | AF2: pen_high | AG2: pen_velocity_low | AH2: pen_velocity_high | AI2: effective_velocity | AJ2: penetration | AK2: calibers_row | AL2: source_file | AM2: balance_score | AN2: damage_score | AO2: velocity_drop_score | AP2: suppression_score | AQ2: penetration_score | AR2: strength
A3: 10mm_roosevelt_umc_180gr_fmj | B3: 10mm Roosevelt UMC 180gr FMJ | C3: 0 | D3: 0 | E3: 0 | F3: 0 | G3: 0 | I3: 0.02 | L3: 0 | M3: -0.06 | N3: 48 | O3: 47 | P3: 1 | Q3: 0.3 | R3: 0.5 | S3: 3 | T3: =MAX(MIN($M3*Model!$A$13+$N3,$O3)*$P3,0) -> 46.5 | U3: =MAX(MIN($M3*Model!$A$14+$N3,$O3)*$P3,0) -> 43.5 | V3: =MAX(MIN($M3*Model!$A$15+$N3,$O3)*$P3,0) -> 39 | W3: =MAX(MIN($M3*Model!$A$16+$N3,$O3)*$P3,0) -> 33 | X3: =MAX(MIN($M3*Model!$A$17+$N3,$O3)*$P3,0) -> 47 | Y3: =MAX(MIN($M3*Model!$A$18+$N3,$O3)*$P3,0) -> 47 | Z3: =MAX(MIN($M3*Model!$A$19+$N3,$O3)*$P3,0) -> 47 | AA3: =T3*Model!$B$13+U3*Model!$B$14+V3*Model!$B$15+W3*Model!$B$16+X3*Model!$B$17+Y3*Model!$B$18+Z3*Model!$B$19 -> 41.7 | AB3: 0.45 | AC3: 0.6 | AD3: =CONCATENATE("stat(bullet_velocity;",'10mm-ammo'!$AE3,";",'10mm-ammo'!$AF3,";",'10mm-ammo'!$AG3,";",'10mm-ammo'!$AH3,")") -> stat(bullet_velocity;0.2;0.6;500;2000) | AE3: 0.2 | AF3: 0.6 | AG3: 500 | AH3: 2000 | AI3: =Model!$B$4+IF(I3="",0,I3) -> 1150.02 | AJ3: =MAX(AE3,MIN(AF3,AE3+(AI3-AG3)*(AF3-AE3)/(AH3-AG3))) -> 0.37333867 | AK3: idfk lol | AL3: calibers.csv | AM3: =C3*Model!$B$24+D3*Model!$B$25+E3*Model!$B$26+F3*Model!$B$27+G3*Model!$B$28+H3*Model!$B$29+I3*Model!$B$30+J3*Model!$B$31+K3*Model!$B$32+L3*Model!$B$33 -> 0.0001 | AN3: =(AA3-Model!$B$5)*Model!$B$36 -> -12.45 | AO3: =(Model!$B$6-AB3)*Model!$B$37 -> -0.2 | AP3: =(AC3-Model!$B$7)*Model!$B$38 -> 0.45 | AQ3: =(AJ3-Model!$B$8)*Model!$B$39 -> 0.89335467 | AR3: =SUM(AM3:AQ3) -> -11.306545
A4: 10mm_phoenix_aluminum_200gr_fmj | B4: 10mm Phoenix Aluminum 200gr FMJ | C4: 0 | D4: 0.05 | E4: -1 | F4: 1 | G4: -0.05 | I4: -75 | L4: 500 | M4: -0.058 | N4: 48.5 | O4: 47.5 | P4: 1 | Q4: 0.3 | R4: 0.5 | S4: 3 | T4: =MAX(MIN($M4*Model!$A$13+$N4,$O4)*$P4,0) -> 47.05 | U4: =MAX(MIN($M4*Model!$A$14+$N4,$O4)*$P4,0) -> 44.15 | V4: =MAX(MIN($M4*Model!$A$15+$N4,$O4)*$P4,0) -> 39.8 | W4: =MAX(MIN($M4*Model!$A$16+$N4,$O4)*$P4,0) -> 34 | X4: =MAX(MIN($M4*Model!$A$17+$N4,$O4)*$P4,0) -> 47.5 | Y4: =MAX(MIN($M4*Model!$A$18+$N4,$O4)*$P4,0) -> 47.5 | Z4: =MAX(MIN($M4*Model!$A$19+$N4,$O4)*$P4,0) -> 47.5 | AA4: =T4*Model!$B$13+U4*Model!$B$14+V4*Model!$B$15+W4*Model!$B$16+X4*Model!$B$17+Y4*Model!$B$18+Z4*Model!$B$19 -> 42.41 | AB4: 0.4 | AC4: 0.65 | AD4: =CONCATENATE("stat(bullet_velocity;",'10mm-ammo'!$AE4,";",'10mm-ammo'!$AF4,";",'10mm-ammo'!$AG4,";",'10mm-ammo'!$AH4,")") -> stat(bullet_velocity;0.25;0.65;500;2000) | AE4: 0.25 | AF4: 0.65 | AG4: 500 | AH4: 2000 | AI4: =Model!$B$4+IF(I4="",0,I4) -> 1075 | AJ4: =MAX(AE4,MIN(AF4,AE4+(AI4-AG4)*(AF4-AE4)/(AH4-AG4))) -> 0.40333333 | AK4: idfk lol | AL4: calibers.csv | AM4: =C4*Model!$B$24+D4*Model!$B$25+E4*Model!$B$26+F4*Model!$B$27+G4*Model!$B$28+H4*Model!$B$29+I4*Model!$B$30+J4*Model!$B$31+K4*Model!$B$32+L4*Model!$B$33 -> -0.675 | AN4: =(AA4-Model!$B$5)*Model!$B$36 -> -11.385 | AO4: =(Model!$B$6-AB4)*Model!$B$37 -> -0.3 | AP4: =(AC4-Model!$B$7)*Model!$B$38 -> 0.6 | AQ4: =(AJ4-Model!$B$8)*Model!$B$39 -> 1.0133333 | AR4: =SUM(AM4:AQ4) -> -10.746667
A5: 10mm_appalachian_silvertip_175gr_jhp | B5: 10mm Appalachian Silvertip 175gr JHP | C5: -1 | D5: -0.02 | E5: 3 | F5: 4 | G5: 0.05 | I5: 50 | L5: 2000 | M5: -0.094 | N5: 52.5 | O5: 52 | P5: 1 | Q5: 0.35 | R5: 0.55 | S5: 3 | T5: =MAX(MIN($M5*Model!$A$13+$N5,$O5)*$P5,0) -> 50.15 | U5: =MAX(MIN($M5*Model!$A$14+$N5,$O5)*$P5,0) -> 45.45 | V5: =MAX(MIN($M5*Model!$A$15+$N5,$O5)*$P5,0) -> 38.4 | W5: =MAX(MIN($M5*Model!$A$16+$N5,$O5)*$P5,0) -> 29 | X5: =MAX(MIN($M5*Model!$A$17+$N5,$O5)*$P5,0) -> 52 | Y5: =MAX(MIN($M5*Model!$A$18+$N5,$O5)*$P5,0) -> 52 | Z5: =MAX(MIN($M5*Model!$A$19+$N5,$O5)*$P5,0) -> 52 | AA5: =T5*Model!$B$13+U5*Model!$B$14+V5*Model!$B$15+W5*Model!$B$16+X5*Model!$B$17+Y5*Model!$B$18+Z5*Model!$B$19 -> 42.63 | AB5: 0.45 | AC5: 0.6 | AD5: =CONCATENATE("stat(bullet_velocity;",'10mm-ammo'!$AE5,";",'10mm-ammo'!$AF5,";",'10mm-ammo'!$AG5,";",'10mm-ammo'!$AH5,")") -> stat(bullet_velocity;0.05;0.25;500;2000) | AE5: 0.05 | AF5: 0.25 | AG5: 500 | AH5: 2000 | AI5: =Model!$B$4+IF(I5="",0,I5) -> 1200 | AJ5: =MAX(AE5,MIN(AF5,AE5+(AI5-AG5)*(AF5-AE5)/(AH5-AG5))) -> 0.14333333 | AK5: idfk lol | AL5: calibers.csv | AM5: =C5*Model!$B$24+D5*Model!$B$25+E5*Model!$B$26+F5*Model!$B$27+G5*Model!$B$28+H5*Model!$B$29+I5*Model!$B$30+J5*Model!$B$31+K5*Model!$B$32+L5*Model!$B$33 -> -5.65 | AN5: =(AA5-Model!$B$5)*Model!$B$36 -> -11.055 | AO5: =(Model!$B$6-AB5)*Model!$B$37 -> -0.2 | AP5: =(AC5-Model!$B$7)*Model!$B$38 -> 0.45 | AQ5: =(AJ5-Model!$B$8)*Model!$B$39 -> -0.026666667 | AR5: =SUM(AM5:AQ5) -> -16.481667
A6: 10mm_freedom_civil_defense_60gr_hplf | B6: 10mm Freedom Civil Defense 60gr HPLF | C6: -2 | D6: -0.16 | E6: -2 | F6: -3 | G6: 0.1 | I6: 600 | L6: 2500 | M6: -0.086 | N6: 51.5 | O6: 52.5 | P6: 1 | Q6: 0.35 | R6: 0.55 | S6: 3 | T6: =MAX(MIN($M6*Model!$A$13+$N6,$O6)*$P6,0) -> 49.35 | U6: =MAX(MIN($M6*Model!$A$14+$N6,$O6)*$P6,0) -> 45.05 | V6: =MAX(MIN($M6*Model!$A$15+$N6,$O6)*$P6,0) -> 38.6 | W6: =MAX(MIN($M6*Model!$A$16+$N6,$O6)*$P6,0) -> 30 | X6: =MAX(MIN($M6*Model!$A$17+$N6,$O6)*$P6,0) -> 51.5 | Y6: =MAX(MIN($M6*Model!$A$18+$N6,$O6)*$P6,0) -> 51.5 | Z6: =MAX(MIN($M6*Model!$A$19+$N6,$O6)*$P6,0) -> 51.5 | AA6: =T6*Model!$B$13+U6*Model!$B$14+V6*Model!$B$15+W6*Model!$B$16+X6*Model!$B$17+Y6*Model!$B$18+Z6*Model!$B$19 -> 42.47 | AB6: 0.65 | AC6: 0.45 | AD6: =CONCATENATE("stat(bullet_velocity;",'10mm-ammo'!$AE6,";",'10mm-ammo'!$AF6,";",'10mm-ammo'!$AG6,";",'10mm-ammo'!$AH6,")") -> stat(bullet_velocity;0.05;0.3;500;2000) | AE6: 0.05 | AF6: 0.3 | AG6: 500 | AH6: 2000 | AI6: =Model!$B$4+IF(I6="",0,I6) -> 1750 | AJ6: =MAX(AE6,MIN(AF6,AE6+(AI6-AG6)*(AF6-AE6)/(AH6-AG6))) -> 0.25833333 | AK6: idfk lol | AL6: calibers.csv | AM6: =C6*Model!$B$24+D6*Model!$B$25+E6*Model!$B$26+F6*Model!$B$27+G6*Model!$B$28+H6*Model!$B$29+I6*Model!$B$30+J6*Model!$B$31+K6*Model!$B$32+L6*Model!$B$33 -> 6.6 | AN6: =(AA6-Model!$B$5)*Model!$B$36 -> -11.295 | AO6: =(Model!$B$6-AB6)*Model!$B$37 -> 0.2 | AP6: =(AC6-Model!$B$7)*Model!$B$38 -> 0 | AQ6: =(AJ6-Model!$B$8)*Model!$B$39 -> 0.43333333 | AR6: =SUM(AM6:AQ6) -> -4.0616667
A7: 10mm_federal_fusion_200gr_bsp | B7: 10mm Federal Fusion 200gr BSP | C7: 0 | D7: 0.05 | E7: 2 | F7: 2 | G7: 0.05 | I7: -50 | L7: 2500 | M7: -0.08 | N7: 51.5 | O7: 51.5 | P7: 1 | Q7: 0.35 | R7: 0.55 | S7: 3 | T7: =MAX(MIN($M7*Model!$A$13+$N7,$O7)*$P7,0) -> 49.5 | U7: =MAX(MIN($M7*Model!$A$14+$N7,$O7)*$P7,0) -> 45.5 | V7: =MAX(MIN($M7*Model!$A$15+$N7,$O7)*$P7,0) -> 39.5 | W7: =MAX(MIN($M7*Model!$A$16+$N7,$O7)*$P7,0) -> 31.5 | X7: =MAX(MIN($M7*Model!$A$17+$N7,$O7)*$P7,0) -> 51.5 | Y7: =MAX(MIN($M7*Model!$A$18+$N7,$O7)*$P7,0) -> 51.5 | Z7: =MAX(MIN($M7*Model!$A$19+$N7,$O7)*$P7,0) -> 51.5 | AA7: =T7*Model!$B$13+U7*Model!$B$14+V7*Model!$B$15+W7*Model!$B$16+X7*Model!$B$17+Y7*Model!$B$18+Z7*Model!$B$19 -> 43.1 | AB7: 0.5 | AC7: 0.65 | AD7: =CONCATENATE("stat(bullet_velocity;",'10mm-ammo'!$AE7,";",'10mm-ammo'!$AF7,";",'10mm-ammo'!$AG7,";",'10mm-ammo'!$AH7,")") -> stat(bullet_velocity;0.1;0.35;500;2000) | AE7: 0.1 | AF7: 0.35 | AG7: 500 | AH7: 2000 | AI7: =Model!$B$4+IF(I7="",0,I7) -> 1100 | AJ7: =MAX(AE7,MIN(AF7,AE7+(AI7-AG7)*(AF7-AE7)/(AH7-AG7))) -> 0.2 | AK7: idfk lol | AL7: calibers.csv | AM7: =C7*Model!$B$24+D7*Model!$B$25+E7*Model!$B$26+F7*Model!$B$27+G7*Model!$B$28+H7*Model!$B$29+I7*Model!$B$30+J7*Model!$B$31+K7*Model!$B$32+L7*Model!$B$33 -> -4.55 | AN7: =(AA7-Model!$B$5)*Model!$B$36 -> -10.35 | AO7: =(Model!$B$6-AB7)*Model!$B$37 -> -0.1 | AP7: =(AC7-Model!$B$7)*Model!$B$38 -> 0.6 | AQ7: =(AJ7-Model!$B$8)*Model!$B$39 -> 0.2 | AR7: =SUM(AM7:AQ7) -> -14.2
A8: 10mm_polar_cartridge_220gr_hcfp | B8: 10mm Polar Cartridge 220gr HCFP | C8: -3 | D8: 0.11 | E8: 3 | F8: 5 | G8: 0.05 | I8: 0.02 | L8: 3250 | M8: -0.084 | N8: 52 | O8: 50 | P8: 1 | Q8: 0.3 | R8: 0.3 | S8: 3 | T8: =MAX(MIN($M8*Model!$A$13+$N8,$O8)*$P8,0) -> 49.9 | U8: =MAX(MIN($M8*Model!$A$14+$N8,$O8)*$P8,0) -> 45.7 | V8: =MAX(MIN($M8*Model!$A$15+$N8,$O8)*$P8,0) -> 39.4 | W8: =MAX(MIN($M8*Model!$A$16+$N8,$O8)*$P8,0) -> 31 | X8: =MAX(MIN($M8*Model!$A$17+$N8,$O8)*$P8,0) -> 50 | Y8: =MAX(MIN($M8*Model!$A$18+$N8,$O8)*$P8,0) -> 50 | Z8: =MAX(MIN($M8*Model!$A$19+$N8,$O8)*$P8,0) -> 50 | AA8: =T8*Model!$B$13+U8*Model!$B$14+V8*Model!$B$15+W8*Model!$B$16+X8*Model!$B$17+Y8*Model!$B$18+Z8*Model!$B$19 -> 43.18 | AB8: 0.55 | AC8: 0.7 | AD8: =CONCATENATE("stat(bullet_velocity;",'10mm-ammo'!$AE8,";",'10mm-ammo'!$AF8,";",'10mm-ammo'!$AG8,";",'10mm-ammo'!$AH8,")") -> stat(bullet_velocity;0.3;0.7;500;2000) | AE8: 0.3 | AF8: 0.7 | AG8: 500 | AH8: 2000 | AI8: =Model!$B$4+IF(I8="",0,I8) -> 1150.02 | AJ8: =MAX(AE8,MIN(AF8,AE8+(AI8-AG8)*(AF8-AE8)/(AH8-AG8))) -> 0.47333867 | AK8: idfk lol | AL8: calibers.csv | AM8: =C8*Model!$B$24+D8*Model!$B$25+E8*Model!$B$26+F8*Model!$B$27+G8*Model!$B$28+H8*Model!$B$29+I8*Model!$B$30+J8*Model!$B$31+K8*Model!$B$32+L8*Model!$B$33 -> -11.0999 | AN8: =(AA8-Model!$B$5)*Model!$B$36 -> -10.23 | AO8: =(Model!$B$6-AB8)*Model!$B$37 -> 0 | AP8: =(AC8-Model!$B$7)*Model!$B$38 -> 0.75 | AQ8: =(AJ8-Model!$B$8)*Model!$B$39 -> 1.2933547 | AR8: =SUM(AM8:AQ8) -> -19.286545
A9: 10mm_copperhead_honey_badger_115gr_ehp | B9: 10mm Copperhead Honey Badger 115gr EHP | C9: -1 | D9: -0.13 | E9: -1 | F9: -2 | G9: 0 | I9: 125 | L9: 2000 | M9: -0.072 | N9: 49 | O9: 48.5 | P9: 1 | Q9: 0.35 | R9: 0.55 | S9: 3 | T9: =MAX(MIN($M9*Model!$A$13+$N9,$O9)*$P9,0) -> 47.2 | U9: =MAX(MIN($M9*Model!$A$14+$N9,$O9)*$P9,0) -> 43.6 | V9: =MAX(MIN($M9*Model!$A$15+$N9,$O9)*$P9,0) -> 38.2 | W9: =MAX(MIN($M9*Model!$A$16+$N9,$O9)*$P9,0) -> 31 | X9: =MAX(MIN($M9*Model!$A$17+$N9,$O9)*$P9,0) -> 48.5 | Y9: =MAX(MIN($M9*Model!$A$18+$N9,$O9)*$P9,0) -> 48.5 | Z9: =MAX(MIN($M9*Model!$A$19+$N9,$O9)*$P9,0) -> 48.5 | AA9: =T9*Model!$B$13+U9*Model!$B$14+V9*Model!$B$15+W9*Model!$B$16+X9*Model!$B$17+Y9*Model!$B$18+Z9*Model!$B$19 -> 41.44 | AB9: 0.4 | AC9: 0.55 | AD9: =CONCATENATE("stat(bullet_velocity;",'10mm-ammo'!$AE9,";",'10mm-ammo'!$AF9,";",'10mm-ammo'!$AG9,";",'10mm-ammo'!$AH9,")") -> stat(bullet_velocity;0;0.25;500;2000) | AE9: 0 | AF9: 0.25 | AG9: 500 | AH9: 2000 | AI9: =Model!$B$4+IF(I9="",0,I9) -> 1275 | AJ9: =MAX(AE9,MIN(AF9,AE9+(AI9-AG9)*(AF9-AE9)/(AH9-AG9))) -> 0.12916667 | AK9: idfk lol | AL9: calibers.csv | AM9: =C9*Model!$B$24+D9*Model!$B$25+E9*Model!$B$26+F9*Model!$B$27+G9*Model!$B$28+H9*Model!$B$29+I9*Model!$B$30+J9*Model!$B$31+K9*Model!$B$32+L9*Model!$B$33 -> 4.225 | AN9: =(AA9-Model!$B$5)*Model!$B$36 -> -12.84 | AO9: =(Model!$B$6-AB9)*Model!$B$37 -> -0.3 | AP9: =(AC9-Model!$B$7)*Model!$B$38 -> 0.3 | AQ9: =(AJ9-Model!$B$8)*Model!$B$39 -> -0.083333333 | AR9: =SUM(AM9:AQ9) -> -8.6983333
A10: 10mm_federal_hst_200gr_jhp | B10: 10mm Federal HST 200gr JHP | C10: -2 | D10: 0.05 | E10: 4 | F10: 5 | G10: 0.05 | I10: -50 | L10: 4000 | M10: -0.1 | N10: 56 | O10: 55 | P10: 1 | Q10: 0.4 | R10: 0.6 | S10: 3 | T10: =MAX(MIN($M10*Model!$A$13+$N10,$O10)*$P10,0) -> 53.5 | U10: =MAX(MIN($M10*Model!$A$14+$N10,$O10)*$P10,0) -> 48.5 | V10: =MAX(MIN($M10*Model!$A$15+$N10,$O10)*$P10,0) -> 41 | W10: =MAX(MIN($M10*Model!$A$16+$N10,$O10)*$P10,0) -> 31 | X10: =MAX(MIN($M10*Model!$A$17+$N10,$O10)*$P10,0) -> 55 | Y10: =MAX(MIN($M10*Model!$A$18+$N10,$O10)*$P10,0) -> 55 | Z10: =MAX(MIN($M10*Model!$A$19+$N10,$O10)*$P10,0) -> 55 | AA10: =T10*Model!$B$13+U10*Model!$B$14+V10*Model!$B$15+W10*Model!$B$16+X10*Model!$B$17+Y10*Model!$B$18+Z10*Model!$B$19 -> 45.5 | AB10: 0.55 | AC10: 0.5 | AD10: =CONCATENATE("stat(bullet_velocity;",'10mm-ammo'!$AE10,";",'10mm-ammo'!$AF10,";",'10mm-ammo'!$AG10,";",'10mm-ammo'!$AH10,")") -> stat(bullet_velocity;0.05;0.3;500;2000) | AE10: 0.05 | AF10: 0.3 | AG10: 500 | AH10: 2000 | AI10: =Model!$B$4+IF(I10="",0,I10) -> 1100 | AJ10: =MAX(AE10,MIN(AF10,AE10+(AI10-AG10)*(AF10-AE10)/(AH10-AG10))) -> 0.15 | AK10: idfk lol | AL10: calibers.csv | AM10: =C10*Model!$B$24+D10*Model!$B$25+E10*Model!$B$26+F10*Model!$B$27+#REF!*Model!$B$28+G10*Model!$B$29+I10*Model!$B$30+J10*Model!$B$31+K10*Model!$B$32+L10*Model!$B$33 -> #REF! | AN10: =(AA10-Model!$B$5)*Model!$B$36 -> -6.75 | AO10: =(Model!$B$6-AB10)*Model!$B$37 -> 0 | AP10: =(AC10-Model!$B$7)*Model!$B$38 -> 0.15 | AQ10: =(AJ10-Model!$B$8)*Model!$B$39 -> 0 | AR10: =SUM(AM10:AQ10) -> #REF!
A11: 10mm_underworld_xtp_180gr_jhp | B11: 10mm Underworld 180gr XTP JHP | C11: -2 | D11: 0 | E11: 3 | F11: 4 | G11: 0.05 | I11: 50 | L11: 3500 | M11: -0.078 | N11: 52 | O11: 51 | P11: 1 | Q11: 0.35 | R11: 0.55 | S11: 3 | T11: =MAX(MIN($M11*Model!$A$13+$N11,$O11)*$P11,0) -> 50.05 | U11: =MAX(MIN($M11*Model!$A$14+$N11,$O11)*$P11,0) -> 46.15 | V11: =MAX(MIN($M11*Model!$A$15+$N11,$O11)*$P11,0) -> 40.3 | W11: =MAX(MIN($M11*Model!$A$16+$N11,$O11)*$P11,0) -> 32.5 | X11: =MAX(MIN($M11*Model!$A$17+$N11,$O11)*$P11,0) -> 51 | Y11: =MAX(MIN($M11*Model!$A$18+$N11,$O11)*$P11,0) -> 51 | Z11: =MAX(MIN($M11*Model!$A$19+$N11,$O11)*$P11,0) -> 51 | AA11: =T11*Model!$B$13+U11*Model!$B$14+V11*Model!$B$15+W11*Model!$B$16+X11*Model!$B$17+Y11*Model!$B$18+Z11*Model!$B$19 -> 43.81 | AB11: 0.55 | AC11: 0.5 | AD11: =CONCATENATE("stat(bullet_velocity;",'10mm-ammo'!$AE11,";",'10mm-ammo'!$AF11,";",'10mm-ammo'!$AG11,";",'10mm-ammo'!$AH11,")") -> stat(bullet_velocity;0.05;0.3;500;2000) | AE11: 0.05 | AF11: 0.3 | AG11: 500 | AH11: 2000 | AI11: =Model!$B$4+IF(I11="",0,I11) -> 1200 | AJ11: =MAX(AE11,MIN(AF11,AE11+(AI11-AG11)*(AF11-AE11)/(AH11-AG11))) -> 0.16666667 | AK11: idfk lol | AL11: calibers.csv | AM11: =C11*Model!$B$24+D11*Model!$B$25+E11*Model!$B$26+F11*Model!$B$27+G11*Model!$B$28+H11*Model!$B$29+I11*Model!$B$30+J11*Model!$B$31+K11*Model!$B$32+L11*Model!$B$33 -> -7.05 | AN11: =(AA11-Model!$B$5)*Model!$B$36 -> -9.285 | AO11: =(Model!$B$6-AB11)*Model!$B$37 -> 0 | AP11: =(AC11-Model!$B$7)*Model!$B$38 -> 0.15 | AQ11: =(AJ11-Model!$B$8)*Model!$B$39 -> 0.066666667 | AR11: =SUM(AM11:AQ11) -> -16.118333
A12: 10mm_chicago_ammunition_220gr_rnfp | B12: 10mm Chicago Ammunition 220gr RNFP | C12: 1 | D12: 0.11 | E12: -4 | F12: -2 | G12: 0.1 | I12: -125 | K12: -0.6 | L12: 1750 | M12: -0.11 | N12: 52.5 | O12: 52.5 | P12: 1 | Q12: 0.3 | R12: 0.3 | S12: 3 | T12: =MAX(MIN($M12*Model!$A$13+$N12,$O12)*$P12,0) -> 49.75 | U12: =MAX(MIN($M12*Model!$A$14+$N12,$O12)*$P12,0) -> 44.25 | V12: =MAX(MIN($M12*Model!$A$15+$N12,$O12)*$P12,0) -> 36 | W12: =MAX(MIN($M12*Model!$A$16+$N12,$O12)*$P12,0) -> 25 | X12: =MAX(MIN($M12*Model!$A$17+$N12,$O12)*$P12,0) -> 52.5 | Y12: =MAX(MIN($M12*Model!$A$18+$N12,$O12)*$P12,0) -> 52.5 | Z12: =MAX(MIN($M12*Model!$A$19+$N12,$O12)*$P12,0) -> 52.5 | AA12: =T12*Model!$B$13+U12*Model!$B$14+V12*Model!$B$15+W12*Model!$B$16+X12*Model!$B$17+Y12*Model!$B$18+Z12*Model!$B$19 -> 40.95 | AB12: 0.5 | AC12: 0.35 | AD12: =CONCATENATE("stat(bullet_velocity;",'10mm-ammo'!$AE12,";",'10mm-ammo'!$AF12,";",'10mm-ammo'!$AG12,";",'10mm-ammo'!$AH12,")") -> stat(bullet_velocity;0.1;0.25;500;2000) | AE12: 0.1 | AF12: 0.25 | AG12: 500 | AH12: 2000 | AI12: =Model!$B$4+IF(I12="",0,I12) -> 1025 | AJ12: =MAX(AE12,MIN(AF12,AE12+(AI12-AG12)*(AF12-AE12)/(AH12-AG12))) -> 0.1525 | AK12: idfk lol | AL12: calibers.csv | AM12: =C12*Model!$B$24+D12*Model!$B$25+E12*Model!$B$26+F12*Model!$B$27+G12*Model!$B$28+H12*Model!$B$29+I12*Model!$B$30+J12*Model!$B$31+K12*Model!$B$32+L12*Model!$B$33 -> 4.575 | AN12: =(AA12-Model!$B$5)*Model!$B$36 -> -13.575 | AO12: =(Model!$B$6-AB12)*Model!$B$37 -> -0.1 | AP12: =(AC12-Model!$B$7)*Model!$B$38 -> -0.3 | AQ12: =(AJ12-Model!$B$8)*Model!$B$39 -> 0.01 | AR12: =SUM(AM12:AQ12) -> -9.39
A13: 10mm_hawthorne_flexlock_critical_duty_175gr_jhp_ft | B13: 10mm Hawthorne FlexLock Critical Duty 175gr JHP-FT | C13: 0 | D13: -0.02 | E13: -1 | F13: -2 | G13: 0 | I13: -25 | L13: 1250 | M13: -0.066 | N13: 48.5 | O13: 48 | P13: 1 | Q13: 0.35 | R13: 0.55 | S13: 3 | T13: =MAX(MIN($M13*Model!$A$13+$N13,$O13)*$P13,0) -> 46.85 | U13: =MAX(MIN($M13*Model!$A$14+$N13,$O13)*$P13,0) -> 43.55 | V13: =MAX(MIN($M13*Model!$A$15+$N13,$O13)*$P13,0) -> 38.6 | W13: =MAX(MIN($M13*Model!$A$16+$N13,$O13)*$P13,0) -> 32 | X13: =MAX(MIN($M13*Model!$A$17+$N13,$O13)*$P13,0) -> 48 | Y13: =MAX(MIN($M13*Model!$A$18+$N13,$O13)*$P13,0) -> 48 | Z13: =MAX(MIN($M13*Model!$A$19+$N13,$O13)*$P13,0) -> 48 | AA13: =T13*Model!$B$13+U13*Model!$B$14+V13*Model!$B$15+W13*Model!$B$16+X13*Model!$B$17+Y13*Model!$B$18+Z13*Model!$B$19 -> 41.57 | AB13: 0.45 | AC13: 0.6 | AD13: =CONCATENATE("stat(bullet_velocity;",'10mm-ammo'!$AE13,";",'10mm-ammo'!$AF13,";",'10mm-ammo'!$AG13,";",'10mm-ammo'!$AH13,")") -> stat(bullet_velocity;0.15;0.55;500;2000) | AE13: 0.15 | AF13: 0.55 | AG13: 500 | AH13: 2000 | AI13: =Model!$B$4+IF(I13="",0,I13) -> 1125 | AJ13: =MAX(AE13,MIN(AF13,AE13+(AI13-AG13)*(AF13-AE13)/(AH13-AG13))) -> 0.31666667 | AK13: idfk lol | AL13: calibers.csv | AM13: =C13*Model!$B$24+D13*Model!$B$25+E13*Model!$B$26+F13*Model!$B$27+G13*Model!$B$28+H13*Model!$B$29+I13*Model!$B$30+J13*Model!$B$31+K13*Model!$B$32+L13*Model!$B$33 -> 2.275 | AN13: =(AA13-Model!$B$5)*Model!$B$36 -> -12.645 | AO13: =(Model!$B$6-AB13)*Model!$B$37 -> -0.2 | AP13: =(AC13-Model!$B$7)*Model!$B$38 -> 0.45 | AQ13: =(AJ13-Model!$B$8)*Model!$B$39 -> 0.66666667 | AR13: =SUM(AM13:AQ13) -> -9.4533333
A14: 10mm_federal_premium_125gr_rht | B14: 10mm Federal Premium 125gr RHT | C14: 1 | D14: -0.11 | E14: -2 | F14: -3 | G14: -0.1 | I14: 75 | L14: 1000 | M14: -0.068 | N14: 48.5 | O14: 46.5 | P14: 1 | Q14: 0.3 | R14: 0.5 | S14: 3 | T14: =MAX(MIN($M14*Model!$A$13+$N14,$O14)*$P14,0) -> 46.5 | U14: =MAX(MIN($M14*Model!$A$14+$N14,$O14)*$P14,0) -> 43.4 | V14: =MAX(MIN($M14*Model!$A$15+$N14,$O14)*$P14,0) -> 38.3 | W14: =MAX(MIN($M14*Model!$A$16+$N14,$O14)*$P14,0) -> 31.5 | X14: =MAX(MIN($M14*Model!$A$17+$N14,$O14)*$P14,0) -> 46.5 | Y14: =MAX(MIN($M14*Model!$A$18+$N14,$O14)*$P14,0) -> 46.5 | Z14: =MAX(MIN($M14*Model!$A$19+$N14,$O14)*$P14,0) -> 46.5 | AA14: =T14*Model!$B$13+U14*Model!$B$14+V14*Model!$B$15+W14*Model!$B$16+X14*Model!$B$17+Y14*Model!$B$18+Z14*Model!$B$19 -> 41.27 | AB14: 0.45 | AC14: 0.5 | AD14: =CONCATENATE("stat(bullet_velocity;",'10mm-ammo'!$AE14,";",'10mm-ammo'!$AF14,";",'10mm-ammo'!$AG14,";",'10mm-ammo'!$AH14,")") -> stat(bullet_velocity;0;0.1;500;2000) | AE14: 0 | AF14: 0.1 | AG14: 500 | AH14: 2000 | AI14: =Model!$B$4+IF(I14="",0,I14) -> 1225 | AJ14: =MAX(AE14,MIN(AF14,AE14+(AI14-AG14)*(AF14-AE14)/(AH14-AG14))) -> 0.048333333 | AK14: idfk lol | AL14: calibers.csv | AM14: =C14*Model!$B$24+D14*Model!$B$25+E14*Model!$B$26+F14*Model!$B$27+G14*Model!$B$28+H14*Model!$B$29+I14*Model!$B$30+J14*Model!$B$31+K14*Model!$B$32+L14*Model!$B$33 -> 7.975 | AN14: =(AA14-Model!$B$5)*Model!$B$36 -> -13.095 | AO14: =(Model!$B$6-AB14)*Model!$B$37 -> -0.2 | AP14: =(AC14-Model!$B$7)*Model!$B$38 -> 0.15 | AQ14: =(AJ14-Model!$B$8)*Model!$B$39 -> -0.40666667 | AR14: =SUM(AM14:AQ14) -> -5.5766667
A15: 10mm_roosevelt_trailblazer_135gr_green_tracer | B15: 10mm Roosevelt Trailblazer 135gr Green Tracer | C15: 2 | D15: -0.09 | E15: -3 | F15: -3 | G15: 0.15 | I15: 25 | L15: 750 | M15: -0.074 | N15: 48.5 | O15: 48.5 | P15: 1 | Q15: 0.3 | R15: 0.5 | S15: 3 | T15: =MAX(MIN($M15*Model!$A$13+$N15,$O15)*$P15,0) -> 46.65 | U15: =MAX(MIN($M15*Model!$A$14+$N15,$O15)*$P15,0) -> 42.95 | V15: =MAX(MIN($M15*Model!$A$15+$N15,$O15)*$P15,0) -> 37.4 | W15: =MAX(MIN($M15*Model!$A$16+$N15,$O15)*$P15,0) -> 30 | X15: =MAX(MIN($M15*Model!$A$17+$N15,$O15)*$P15,0) -> 48.5 | Y15: =MAX(MIN($M15*Model!$A$18+$N15,$O15)*$P15,0) -> 48.5 | Z15: =MAX(MIN($M15*Model!$A$19+$N15,$O15)*$P15,0) -> 48.5 | AA15: =T15*Model!$B$13+U15*Model!$B$14+V15*Model!$B$15+W15*Model!$B$16+X15*Model!$B$17+Y15*Model!$B$18+Z15*Model!$B$19 -> 40.73 | AB15: 0.5 | AC15: 1 | AD15: =CONCATENATE("stat(bullet_velocity;",'10mm-ammo'!$AE15,";",'10mm-ammo'!$AF15,";",'10mm-ammo'!$AG15,";",'10mm-ammo'!$AH15,")") -> stat(bullet_velocity;0.15;0.55;500;2000) | AE15: 0.15 | AF15: 0.55 | AG15: 500 | AH15: 2000 | AI15: =Model!$B$4+IF(I15="",0,I15) -> 1175 | AJ15: =MAX(AE15,MIN(AF15,AE15+(AI15-AG15)*(AF15-AE15)/(AH15-AG15))) -> 0.33 | AK15: idfk lol | AL15: calibers.csv | AM15: =C15*Model!$B$24+D15*Model!$B$25+E15*Model!$B$26+F15*Model!$B$27+G15*Model!$B$28+H15*Model!$B$29+I15*Model!$B$30+J15*Model!$B$31+K15*Model!$B$32+L15*Model!$B$33 -> 6.625 | AN15: =(AA15-Model!$B$5)*Model!$B$36 -> -13.905 | AO15: =(Model!$B$6-AB15)*Model!$B$37 -> -0.1 | AP15: =(AC15-Model!$B$7)*Model!$B$38 -> 1.65 | AQ15: =(AJ15-Model!$B$8)*Model!$B$39 -> 0.72 | AR15: =SUM(AM15:AQ15) -> -5.01

Sheet Model
A1: 10mm ammo scoring model
A3: Assumption | B3: Value | C3: Purpose
A4: glock base | B4: 1150 | C4: studs/s; add bullet_velocity modifier
A5: Damage reference | B5: 50 | C5: weighted damage scores above/below this
A6: Velocity-drop reference | B6: 0.55 | C6: lower is better
A7: Suppression reference | B7: 0.45 | C7: higher is better
A8: Penetration reference | B8: 0.15 | C8: higher is better
A10: Damage distance weights
A12: Distance (studs) | B12: Weight | C12: Rationale
A13: 25 | B13: 0.3 | C13: close
A14: 75 | B14: 0.3 | C14: close
A15: 150 | B15: 0.25 | C15: common
A16: 250 | B16: 0.15 | C16: medium
A17: 0 | B17: 0 | C17: long
A18: 0 | B18: 0 | C18: very long
A19: 0 | B19: 0 | C19: upper edge
A20: Weight check | B20: =SUM(B13:B19) -> 1
A22: balancing.csv stat weights
A23: Stat | B23: Weight | C23: Interpretation
A24: ergonomics | B24: 1 | C24: higher is better
A25: weight | B25: -20 | C25: lower is better
A26: horizontal_recoil | B26: -0.8 | C26: lower is better
A27: vertical_recoil | B27: -0.6 | C27: lower is better
A28: barrel_deviation | B28: -10 | C28: lower is better
A29: bullet_damage | B29: 10 | C29: fractional modifier
A30: bullet_velocity | B30: 0.005 | C30: =_xludf.CONCAT("1 point per +", 1/B30, " vel") -> #NAME?
A31: fire_rate | B31: 10 | C31: fractional modifier
A32: muzzle_loudness | B32: -5
A33: price | B33: 0 | C33: excluded from performance strength
A35: Ammo-specific metric weights
A36: weighted_damage | B36: 1.5 | C36: points per damage above reference
A37: velocity_drop | B37: -2 | C37: small effect; lower is better
A38: suppression | B38: 3 | C38: moderate effect; higher is better
A39: penetration | B39: 4 | C39: moderate effect; higher is better
