Workbook

Sheet 7.62x54R-ammo
A1: balancing.csv inputs | M1: calibers.csv damage inputs | T1: calculated torso damage by range | AB1: calibers.csv traits & penetration inputs | AI1: penetration model | AK1: weighted score
A2: name | B2: pretty_name | C2: ergonomics | D2: weight | E2: horizontal_recoil | F2: vertical_recoil | G2: barrel_deviation | H2: bullet_damage | I2: bullet_velocity | J2: fire_rate | K2: muzzle_loudness | L2: price | M2: damage_torso_a | N2: damage_torso_b | O2: damage_torso_c | P2: damage_torso_d | Q2: damage_arm_d | R2: damage_leg_d | S2: damage_head_d | T2: damage_25 | U2: damage_75 | V2: damage_150 | W2: damage_250 | X2: damage_375 | Y2: damage_525 | Z2: _ | AA2: weighted_damage | AB2: velocity_drop | AC2: suppression | AD2: bullet_penetration_ability | AE2: pen_low | AF2: pen_high | AG2: pen_velocity_low | AH2: pen_velocity_high | AI2: effective_velocity | AJ2: penetration | AK2: balance_score | AL2: damage_score | AM2: velocity_drop_score | AN2: suppression_score | AO2: penetration_score | AP2: strength
A3: 7.62x54r_pga_rifle_150gr_spbt | B3: Prva Garda Rifle Line 150gr SP-BT | C3: 1 | D3: 0 | E3: 0 | F3: -2 | G3: -0.05 | I3: -100 | K3: 0 | L3: 1000 | M3: -0.042 | N3: 120 | O3: 121 | P3: 1 | Q3: 0.35 | R3: 0.55 | S3: 2.5 | T3: =MAX(MIN($M3*Model!$A$13+$N3,$O3)*$P3,0) -> 117.9 | U3: =MAX(MIN($M3*Model!$A$14+$N3,$O3)*$P3,0) -> 115.8 | V3: =MAX(MIN($M3*Model!$A$15+$N3,$O3)*$P3,0) -> 111.6 | W3: =MAX(MIN($M3*Model!$A$16+$N3,$O3)*$P3,0) -> 107.4 | X3: =MAX(MIN($M3*Model!$A$17+$N3,$O3)*$P3,0) -> 103.2 | Y3: =MAX(MIN($M3*Model!$A$18+$N3,$O3)*$P3,0) -> 96.9 | Z3: =MAX(MIN($M3*Model!$A$19+$N3,$O3)*$P3,0) -> 88.5 | AA3: =T3*Model!$B$13+U3*Model!$B$14+V3*Model!$B$15+W3*Model!$B$16+X3*Model!$B$17+Y3*Model!$B$18+Z3*Model!$B$19 -> 107.715 | AB3: 0.25 | AC3: 0.8 | AD3: =CONCATENATE("stat(bullet_velocity;",'7.62x54R-ammo'!$AE3,";",'7.62x54R-ammo'!$AF3,";",'7.62x54R-ammo'!$AG3,";",'7.62x54R-ammo'!$AH3,")") -> stat(bullet_velocity;0;0.5;1500;3000) | AE3: 0 | AF3: 0.5 | AG3: 1500 | AH3: 3000 | AI3: =Model!$B$4+IF(I3="",0,I3) -> 2019 | AJ3: =MAX(AE3,MIN(AF3,AE3+(AI3-AG3)*(AF3-AE3)/(AH3-AG3))) -> 0.173 | AK3: =C3*Model!$B$24+D3*Model!$B$25+E3*Model!$B$26+F3*Model!$B$27+G3*Model!$B$28+H3*Model!$B$29+I3*Model!$B$30+J3*Model!$B$31+L3*Model!$B$32+K3*Model!$B$33 -> 2.6 | AL3: =(AA3-Model!$B$5)*Model!$B$35 -> 3.8575 | AM3: =(Model!$B$6-AB3)*Model!$B$36 -> 0.2 | AN3: =(AC3-Model!$B$7)*Model!$B$37 -> -0.15 | AO3: =(AJ3-Model!$B$8)*Model!$B$38 -> -4.962 | AP3: =SUM(AK3:AO3) -> 1.5455
A4: 7.62x54r_norilsk_7n1_151gr_ps | B4: Norilsk 7N1 Snaiperskye 151gr PS | C4: -1 | D4: 0.01 | E4: 1 | F4: 2 | G4: -0.2 | I4: -50 | K4: 0 | L4: 2500 | M4: -0.022 | N4: 111.5 | O4: 108.5 | P4: 1 | Q4: 0.35 | R4: 0.55 | S4: 2.5 | T4: =MAX(MIN($M4*Model!$A$13+$N4,$O4)*$P4,0) -> 108.5 | U4: =MAX(MIN($M4*Model!$A$14+$N4,$O4)*$P4,0) -> 108.5 | V4: =MAX(MIN($M4*Model!$A$15+$N4,$O4)*$P4,0) -> 107.1 | W4: =MAX(MIN($M4*Model!$A$16+$N4,$O4)*$P4,0) -> 104.9 | X4: =MAX(MIN($M4*Model!$A$17+$N4,$O4)*$P4,0) -> 102.7 | Y4: =MAX(MIN($M4*Model!$A$18+$N4,$O4)*$P4,0) -> 99.4 | Z4: =MAX(MIN($M4*Model!$A$19+$N4,$O4)*$P4,0) -> 95 | AA4: =T4*Model!$B$13+U4*Model!$B$14+V4*Model!$B$15+W4*Model!$B$16+X4*Model!$B$17+Y4*Model!$B$18+Z4*Model!$B$19 -> 104.755 | AB4: 0.15 | AC4: 1.1 | AD4: =CONCATENATE("stat(bullet_velocity;",'7.62x54R-ammo'!$AE4,";",'7.62x54R-ammo'!$AF4,";",'7.62x54R-ammo'!$AG4,";",'7.62x54R-ammo'!$AH4,")") -> stat(bullet_velocity;0.6;1.1;1500;3000) | AE4: 0.6 | AF4: 1.1 | AG4: 1500 | AH4: 3000 | AI4: =Model!$B$4+IF(I4="",0,I4) -> 2069 | AJ4: =MAX(AE4,MIN(AF4,AE4+(AI4-AG4)*(AF4-AE4)/(AH4-AG4))) -> 0.78966667 | AK4: =C4*Model!$B$24+D4*Model!$B$25+E4*Model!$B$26+F4*Model!$B$27+G4*Model!$B$28+H4*Model!$B$29+I4*Model!$B$30+J4*Model!$B$31+L4*Model!$B$32+K4*Model!$B$33 -> 3.55 | AL4: =(AA4-Model!$B$5)*Model!$B$35 -> 2.3775 | AM4: =(Model!$B$6-AB4)*Model!$B$36 -> 0.4 | AN4: =(AC4-Model!$B$7)*Model!$B$37 -> 0.75 | AO4: =(AJ4-Model!$B$8)*Model!$B$38 -> -1.262 | AP4: =SUM(AK4:AO4) -> 5.8155
A5: 7.62x54r_norilsk_7t2m_149gr_green_tracer | B5: Norilsk 7T2M 149gr Green Tracer | C5: 2 | D5: 0 | E5: -3 | F5: -3 | G5: 0.1 | I5: 100 | K5: 0 | L5: 1000 | M5: -0.026 | N5: 111.5 | O5: 112 | P5: 1 | Q5: 0.3 | R5: 0.5 | S5: 2.5 | T5: =MAX(MIN($M5*Model!$A$13+$N5,$O5)*$P5,0) -> 110.2 | U5: =MAX(MIN($M5*Model!$A$14+$N5,$O5)*$P5,0) -> 108.9 | V5: =MAX(MIN($M5*Model!$A$15+$N5,$O5)*$P5,0) -> 106.3 | W5: =MAX(MIN($M5*Model!$A$16+$N5,$O5)*$P5,0) -> 103.7 | X5: =MAX(MIN($M5*Model!$A$17+$N5,$O5)*$P5,0) -> 101.1 | Y5: =MAX(MIN($M5*Model!$A$18+$N5,$O5)*$P5,0) -> 97.2 | Z5: =MAX(MIN($M5*Model!$A$19+$N5,$O5)*$P5,0) -> 92 | AA5: =T5*Model!$B$13+U5*Model!$B$14+V5*Model!$B$15+W5*Model!$B$16+X5*Model!$B$17+Y5*Model!$B$18+Z5*Model!$B$19 -> 103.895 | AB5: 0.3 | AC5: 1.5 | AD5: =CONCATENATE("stat(bullet_velocity;",'7.62x54R-ammo'!$AE5,";",'7.62x54R-ammo'!$AF5,";",'7.62x54R-ammo'!$AG5,";",'7.62x54R-ammo'!$AH5,")") -> stat(bullet_velocity;0.5;1;1500;3000) | AE5: 0.5 | AF5: 1 | AG5: 1500 | AH5: 3000 | AI5: =Model!$B$4+IF(I5="",0,I5) -> 2219 | AJ5: =MAX(AE5,MIN(AF5,AE5+(AI5-AG5)*(AF5-AE5)/(AH5-AG5))) -> 0.73966667 | AK5: =C5*Model!$B$24+D5*Model!$B$25+E5*Model!$B$26+F5*Model!$B$27+G5*Model!$B$28+H5*Model!$B$29+I5*Model!$B$30+J5*Model!$B$31+L5*Model!$B$32+K5*Model!$B$33 -> 1.6 | AL5: =(AA5-Model!$B$5)*Model!$B$35 -> 1.9475 | AM5: =(Model!$B$6-AB5)*Model!$B$36 -> 0.1 | AN5: =(AC5-Model!$B$7)*Model!$B$37 -> 1.95 | AO5: =(AJ5-Model!$B$8)*Model!$B$38 -> -1.562 | AP5: =SUM(AK5:AO5) -> 4.0355
A6: 7.62x54r_tsniitekhmash_57_n_323s_148gr_lps | B6: TsNIITekhMash 57-N-323S 148gr LPS | C6: 0 | D6: 0 | E6: 0 | F6: 0 | G6: 0 | I6: 0 | K6: 0 | L6: 0 | M6: -0.024 | N6: 112 | O6: 112 | P6: 1 | Q6: 0.3 | R6: 0.5 | S6: 2.5 | T6: =MAX(MIN($M6*Model!$A$13+$N6,$O6)*$P6,0) -> 110.8 | U6: =MAX(MIN($M6*Model!$A$14+$N6,$O6)*$P6,0) -> 109.6 | V6: =MAX(MIN($M6*Model!$A$15+$N6,$O6)*$P6,0) -> 107.2 | W6: =MAX(MIN($M6*Model!$A$16+$N6,$O6)*$P6,0) -> 104.8 | X6: =MAX(MIN($M6*Model!$A$17+$N6,$O6)*$P6,0) -> 102.4 | Y6: =MAX(MIN($M6*Model!$A$18+$N6,$O6)*$P6,0) -> 98.8 | Z6: =MAX(MIN($M6*Model!$A$19+$N6,$O6)*$P6,0) -> 94 | AA6: =T6*Model!$B$13+U6*Model!$B$14+V6*Model!$B$15+W6*Model!$B$16+X6*Model!$B$17+Y6*Model!$B$18+Z6*Model!$B$19 -> 104.98 | AB6: 0.2 | AC6: 1 | AD6: =CONCATENATE("stat(bullet_velocity;",'7.62x54R-ammo'!$AE6,";",'7.62x54R-ammo'!$AF6,";",'7.62x54R-ammo'!$AG6,";",'7.62x54R-ammo'!$AH6,")") -> stat(bullet_velocity;0.7;1.2;1500;3000) | AE6: 0.7 | AF6: 1.2 | AG6: 1500 | AH6: 3000 | AI6: =Model!$B$4+IF(I6="",0,I6) -> 2119 | AJ6: =MAX(AE6,MIN(AF6,AE6+(AI6-AG6)*(AF6-AE6)/(AH6-AG6))) -> 0.90633333 | AK6: =C6*Model!$B$24+D6*Model!$B$25+E6*Model!$B$26+F6*Model!$B$27+G6*Model!$B$28+H6*Model!$B$29+I6*Model!$B$30+J6*Model!$B$31+L6*Model!$B$32+K6*Model!$B$33 -> 0 | AL6: =(AA6-Model!$B$5)*Model!$B$35 -> 2.49 | AM6: =(Model!$B$6-AB6)*Model!$B$36 -> 0.3 | AN6: =(AC6-Model!$B$7)*Model!$B$37 -> 0.45 | AO6: =(AJ6-Model!$B$8)*Model!$B$38 -> -0.562 | AP6: =SUM(AK6:AO6) -> 2.678
A7: 7.62x54r_s&b_174gr_hpbt | B7: Serrano & Belmonte 174gr HPBT | C7: 1 | D7: 0.08 | E7: -2 | F7: -1 | G7: -0.15 | I7: -150 | K7: 0 | L7: 1500 | M7: -0.028 | N7: 115.5 | O7: 115 | P7: 1 | Q7: 0.35 | R7: 0.55 | S7: 2.5 | T7: =MAX(MIN($M7*Model!$A$13+$N7,$O7)*$P7,0) -> 114.1 | U7: =MAX(MIN($M7*Model!$A$14+$N7,$O7)*$P7,0) -> 112.7 | V7: =MAX(MIN($M7*Model!$A$15+$N7,$O7)*$P7,0) -> 109.9 | W7: =MAX(MIN($M7*Model!$A$16+$N7,$O7)*$P7,0) -> 107.1 | X7: =MAX(MIN($M7*Model!$A$17+$N7,$O7)*$P7,0) -> 104.3 | Y7: =MAX(MIN($M7*Model!$A$18+$N7,$O7)*$P7,0) -> 100.1 | Z7: =MAX(MIN($M7*Model!$A$19+$N7,$O7)*$P7,0) -> 94.5 | AA7: =T7*Model!$B$13+U7*Model!$B$14+V7*Model!$B$15+W7*Model!$B$16+X7*Model!$B$17+Y7*Model!$B$18+Z7*Model!$B$19 -> 107.31 | AB7: 0.1 | AC7: 0.9 | AD7: =CONCATENATE("stat(bullet_velocity;",'7.62x54R-ammo'!$AE7,";",'7.62x54R-ammo'!$AF7,";",'7.62x54R-ammo'!$AG7,";",'7.62x54R-ammo'!$AH7,")") -> stat(bullet_velocity;0.1;0.6;1500;3000) | AE7: 0.1 | AF7: 0.6 | AG7: 1500 | AH7: 3000 | AI7: =Model!$B$4+IF(I7="",0,I7) -> 1969 | AJ7: =MAX(AE7,MIN(AF7,AE7+(AI7-AG7)*(AF7-AE7)/(AH7-AG7))) -> 0.25633333 | AK7: =C7*Model!$B$24+D7*Model!$B$25+E7*Model!$B$26+F7*Model!$B$27+G7*Model!$B$28+H7*Model!$B$29+I7*Model!$B$30+J7*Model!$B$31+L7*Model!$B$32+K7*Model!$B$33 -> 4.25 | AL7: =(AA7-Model!$B$5)*Model!$B$35 -> 3.655 | AM7: =(Model!$B$6-AB7)*Model!$B$36 -> 0.5 | AN7: =(AC7-Model!$B$7)*Model!$B$37 -> 0.15 | AO7: =(AJ7-Model!$B$8)*Model!$B$38 -> -4.462 | AP7: =SUM(AK7:AO7) -> 4.093
A8: 7.62x54r_norilsk_7n14_152gr_snb | B8: Norilsk 7N14 Snaiperskaya 152gr SNB | C8: -1 | D8: 0.01 | E8: 2 | F8: 2 | G8: -0.15 | I8: -50 | K8: 0 | L8: 4000 | M8: -0.014 | N8: 106 | O8: 105 | P8: 1 | Q8: 0.25 | R8: 0.45 | S8: 2.5 | T8: =MAX(MIN($M8*Model!$A$13+$N8,$O8)*$P8,0) -> 105 | U8: =MAX(MIN($M8*Model!$A$14+$N8,$O8)*$P8,0) -> 104.6 | V8: =MAX(MIN($M8*Model!$A$15+$N8,$O8)*$P8,0) -> 103.2 | W8: =MAX(MIN($M8*Model!$A$16+$N8,$O8)*$P8,0) -> 101.8 | X8: =MAX(MIN($M8*Model!$A$17+$N8,$O8)*$P8,0) -> 100.4 | Y8: =MAX(MIN($M8*Model!$A$18+$N8,$O8)*$P8,0) -> 98.3 | Z8: =MAX(MIN($M8*Model!$A$19+$N8,$O8)*$P8,0) -> 95.5 | AA8: =T8*Model!$B$13+U8*Model!$B$14+V8*Model!$B$15+W8*Model!$B$16+X8*Model!$B$17+Y8*Model!$B$18+Z8*Model!$B$19 -> 101.875 | AB8: 0.15 | AC8: 0.95 | AD8: =CONCATENATE("stat(bullet_velocity;",'7.62x54R-ammo'!$AE8,";",'7.62x54R-ammo'!$AF8,";",'7.62x54R-ammo'!$AG8,";",'7.62x54R-ammo'!$AH8,")") -> stat(bullet_velocity;1.4;1.9;1500;3000) | AE8: 1.4 | AF8: 1.9 | AG8: 1500 | AH8: 3000 | AI8: =Model!$B$4+IF(I8="",0,I8) -> 2069 | AJ8: =MAX(AE8,MIN(AF8,AE8+(AI8-AG8)*(AF8-AE8)/(AH8-AG8))) -> 1.5896667 | AK8: =C8*Model!$B$24+D8*Model!$B$25+E8*Model!$B$26+F8*Model!$B$27+G8*Model!$B$28+H8*Model!$B$29+I8*Model!$B$30+J8*Model!$B$31+L8*Model!$B$32+K8*Model!$B$33 -> 1.65 | AL8: =(AA8-Model!$B$5)*Model!$B$35 -> 0.9375 | AM8: =(Model!$B$6-AB8)*Model!$B$36 -> 0.4 | AN8: =(AC8-Model!$B$7)*Model!$B$37 -> 0.3 | AO8: =(AJ8-Model!$B$8)*Model!$B$38 -> 3.538 | AP8: =SUM(AK8:AO8) -> 6.8255
A9: 7.62x54r_tsniitekhmash_7n37_182gr_bs | B9: TsNIITekhMash 7N37 Chórnoye Górlyshko 182gr BS | C9: -2 | D9: 0.08 | E9: 3 | F9: 7 | G9: -0.1 | I9: 200 | K9: 0 | L9: 5000 | M9: -0.012 | N9: 104.5 | O9: 102.5 | P9: 1 | Q9: 0.2 | R9: 0.4 | S9: 2.5 | T9: =MAX(MIN($M9*Model!$A$13+$N9,$O9)*$P9,0) -> 102.5 | U9: =MAX(MIN($M9*Model!$A$14+$N9,$O9)*$P9,0) -> 102.5 | V9: =MAX(MIN($M9*Model!$A$15+$N9,$O9)*$P9,0) -> 102.1 | W9: =MAX(MIN($M9*Model!$A$16+$N9,$O9)*$P9,0) -> 100.9 | X9: =MAX(MIN($M9*Model!$A$17+$N9,$O9)*$P9,0) -> 99.7 | Y9: =MAX(MIN($M9*Model!$A$18+$N9,$O9)*$P9,0) -> 97.9 | Z9: =MAX(MIN($M9*Model!$A$19+$N9,$O9)*$P9,0) -> 95.5 | AA9: =T9*Model!$B$13+U9*Model!$B$14+V9*Model!$B$15+W9*Model!$B$16+X9*Model!$B$17+Y9*Model!$B$18+Z9*Model!$B$19 -> 100.73 | AB9: 0.3 | AC9: 1.2 | AD9: =CONCATENATE("stat(bullet_velocity;",'7.62x54R-ammo'!$AE9,";",'7.62x54R-ammo'!$AF9,";",'7.62x54R-ammo'!$AG9,";",'7.62x54R-ammo'!$AH9,")") -> stat(bullet_velocity;1.9;2.4;1500;3000) | AE9: 1.9 | AF9: 2.4 | AG9: 1500 | AH9: 3000 | AI9: =Model!$B$4+IF(I9="",0,I9) -> 2319 | AJ9: =MAX(AE9,MIN(AF9,AE9+(AI9-AG9)*(AF9-AE9)/(AH9-AG9))) -> 2.173 | AK9: =C9*Model!$B$24+D9*Model!$B$25+E9*Model!$B$26+F9*Model!$B$27+G9*Model!$B$28+H9*Model!$B$29+I9*Model!$B$30+J9*Model!$B$31+L9*Model!$B$32+K9*Model!$B$33 -> -2.9 | AL9: =(AA9-Model!$B$5)*Model!$B$35 -> 0.365 | AM9: =(Model!$B$6-AB9)*Model!$B$36 -> 0.1 | AN9: =(AC9-Model!$B$7)*Model!$B$37 -> 1.05 | AO9: =(AJ9-Model!$B$8)*Model!$B$38 -> 7.038 | AP9: =SUM(AK9:AO9) -> 5.653
A10: 7.62x54r_norilsk_b32m_164gr_api | B10: Norilsk B-32M 162gr API | C10: -2 | D10: 0.02 | E10: 2 | F10: 3 | G10: 0.05 | I10: 0 | K10: 0 | L10: 3000 | M10: -0.018 | N10: 105.5 | O10: 104 | P10: 1 | Q10: 0.25 | R10: 0.45 | S10: 2.5 | T10: =MAX(MIN($M10*Model!$A$13+$N10,$O10)*$P10,0) -> 104 | U10: =MAX(MIN($M10*Model!$A$14+$N10,$O10)*$P10,0) -> 103.7 | V10: =MAX(MIN($M10*Model!$A$15+$N10,$O10)*$P10,0) -> 101.9 | W10: =MAX(MIN($M10*Model!$A$16+$N10,$O10)*$P10,0) -> 100.1 | X10: =MAX(MIN($M10*Model!$A$17+$N10,$O10)*$P10,0) -> 98.3 | Y10: =MAX(MIN($M10*Model!$A$18+$N10,$O10)*$P10,0) -> 95.6 | Z10: =MAX(MIN($M10*Model!$A$19+$N10,$O10)*$P10,0) -> 92 | AA10: =T10*Model!$B$13+U10*Model!$B$14+V10*Model!$B$15+W10*Model!$B$16+X10*Model!$B$17+Y10*Model!$B$18+Z10*Model!$B$19 -> 100.175 | AB10: 0.2 | AC10: 1 | AD10: =CONCATENATE("stat(bullet_velocity;",'7.62x54R-ammo'!$AE10,";",'7.62x54R-ammo'!$AF10,";",'7.62x54R-ammo'!$AG10,";",'7.62x54R-ammo'!$AH10,")") -> stat(bullet_velocity;1.1;1.6;1500;3000) | AE10: 1.1 | AF10: 1.6 | AG10: 1500 | AH10: 3000 | AI10: =Model!$B$4+IF(I10="",0,I10) -> 2119 | AJ10: =MAX(AE10,MIN(AF10,AE10+(AI10-AG10)*(AF10-AE10)/(AH10-AG10))) -> 1.3063333 | AK10: =C10*Model!$B$24+D10*Model!$B$25+E10*Model!$B$26+F10*Model!$B$27+G10*Model!$B$28+H10*Model!$B$29+I10*Model!$B$30+J10*Model!$B$31+L10*Model!$B$32+K10*Model!$B$33 -> -5.6 | AL10: =(AA10-Model!$B$5)*Model!$B$35 -> 0.0875 | AM10: =(Model!$B$6-AB10)*Model!$B$36 -> 0.3 | AN10: =(AC10-Model!$B$7)*Model!$B$37 -> 0.45 | AO10: =(AJ10-Model!$B$8)*Model!$B$38 -> 1.838 | AP10: =SUM(AK10:AO10) -> -2.9245
A11: 7.62x54r_subsonic_200gr | B11: Tezu Handloaded 200gr Subsonic | C11: 3 | D11: 0.14 | E11: -3 | F11: -3 | G11: 0.05 | I11: -950 | K11: -0.6 | L11: 2500 | M11: -0.028 | N11: 111 | O11: 111 | P11: 1 | Q11: 0.3 | R11: 0.5 | S11: 2.5 | T11: =MAX(MIN($M11*Model!$A$13+$N11,$O11)*$P11,0) -> 109.6 | U11: =MAX(MIN($M11*Model!$A$14+$N11,$O11)*$P11,0) -> 108.2 | V11: =MAX(MIN($M11*Model!$A$15+$N11,$O11)*$P11,0) -> 105.4 | W11: =MAX(MIN($M11*Model!$A$16+$N11,$O11)*$P11,0) -> 102.6 | X11: =MAX(MIN($M11*Model!$A$17+$N11,$O11)*$P11,0) -> 99.8 | Y11: =MAX(MIN($M11*Model!$A$18+$N11,$O11)*$P11,0) -> 95.6 | Z11: =MAX(MIN($M11*Model!$A$19+$N11,$O11)*$P11,0) -> 90 | AA11: =T11*Model!$B$13+U11*Model!$B$14+V11*Model!$B$15+W11*Model!$B$16+X11*Model!$B$17+Y11*Model!$B$18+Z11*Model!$B$19 -> 102.81 | AB11: 0.7 | AC11: 0.25 | AD11: =CONCATENATE("stat(bullet_velocity;",'7.62x54R-ammo'!$AE11,";",'7.62x54R-ammo'!$AF11,";",'7.62x54R-ammo'!$AG11,";",'7.62x54R-ammo'!$AH11,")") -> stat(bullet_velocity;0.3;0.7;1500;3000) | AE11: 0.3 | AF11: 0.7 | AG11: 1500 | AH11: 3000 | AI11: =Model!$B$4+IF(I11="",0,I11) -> 1169 | AJ11: =MAX(AE11,MIN(AF11,AE11+(AI11-AG11)*(AF11-AE11)/(AH11-AG11))) -> 0.3 | AK11: =C11*Model!$B$24+D11*Model!$B$25+E11*Model!$B$26+F11*Model!$B$27+G11*Model!$B$28+H11*Model!$B$29+I11*Model!$B$30+J11*Model!$B$31+L11*Model!$B$32+K11*Model!$B$33 -> 2.05 | AL11: =(AA11-Model!$B$5)*Model!$B$35 -> 1.405 | AM11: =(Model!$B$6-AB11)*Model!$B$36 -> -0.7 | AN11: =(AC11-Model!$B$7)*Model!$B$37 -> -1.8 | AO11: =(AJ11-Model!$B$8)*Model!$B$38 -> -4.2 | AP11: =SUM(AK11:AO11) -> -3.245

Sheet Model
A1: 7.62x54R ammo scoring model
A3: Assumption | B3: Value | C3: Purpose
A4: base velocity | B4: 2119 | C4: studs/s; add bullet_velocity modifier
A5: Damage reference | B5: 100 | C5: weighted damage scores above/below this
A6: Velocity-drop reference | B6: 0.35 | C6: lower is better
A7: Suppression reference | B7: 0.85 | C7: higher is better
A8: Penetration reference | B8: 1 | C8: higher is better
A10: Damage distance weights
A12: Distance (studs) | B12: Weight | C12: Rationale
A13: 50 | B13: 0.1 | C13: close
A14: 100 | B14: 0.15 | C14: close
A15: 200 | B15: 0.2 | C15: common
A16: 300 | B16: 0.2 | C16: medium
A17: 400 | B17: 0.2 | C17: long
A18: 550 | B18: 0.1 | C18: very long
A19: 750 | B19: 0.05 | C19: upper edge
A20: Weight check | B20: =SUM(B13:B19) -> 1
A22: balancing.csv stat weights
A23: Stat | B23: Weight | C23: Interpretation
A24: ergonomics | B24: 1 | C24: higher is better
A25: weight | B25: -20 | C25: lower is better
A26: horizontal_recoil | B26: -0.4 | C26: lower is better
A27: vertical_recoil | B27: -0.3 | C27: lower is better
A28: barrel_deviation | B28: -30 | C28: lower is better
A29: bullet_damage | B29: 10 | C29: fractional modifier
A30: bullet_velocity | B30: 0.005 | C30: =CONCAT("1 point per +", 1/B30) -> 1 point per +200
A31: fire_rate | B31: 10 | C31: fractional modifier
A32: price | B32: 0 | C32: excluded from performance strength
A33: muzzle loudness | B33: -10 | C33: fractional modifier, lower = better
A34: Ammo-specific metric weights
A35: weighted_damage | B35: 0.5 | C35: points per damage above reference
A36: velocity_drop | B36: 2 | C36: small effect; lower is better
A37: suppression | B37: 3 | C37: moderate effect; higher is better
A38: penetration | B38: 6 | C38: noticable effect; higher is better
