Workbook

Sheet 5.8x42mm-ammo
A1: balancing.csv inputs | M1: calibers.csv damage inputs | T1: calculated torso damage by range | AB1: calibers.csv traits & penetration inputs | AI1: penetration model | AK1: source audit | AM1: weighted score
A2: name | B2: pretty_name | C2: ergonomics | D2: weight | E2: horizontal_recoil | F2: vertical_recoil | G2: barrel_deviation | H2: bullet_damage | I2: bullet_velocity | J2: fire_rate | K2: muzzle_loudness | L2: price | M2: damage_torso_a | N2: damage_torso_b | O2: damage_torso_c | P2: damage_torso_d | Q2: damage_arm_d | R2: damage_leg_d | S2: damage_head_d | T2: damage_25 | U2: damage_75 | V2: damage_150 | W2: damage_250 | X2: damage_375 | Y2: damage_400 | Z2: damage_500 | AA2: weighted_damage | AB2: velocity_drop | AC2: suppression | AD2: bullet_penetration_ability | AE2: pen_low | AF2: pen_high | AG2: pen_velocity_low | AH2: pen_velocity_high | AI2: effective_velocity | AJ2: penetration | AK2: calibers_row | AL2: source_file | AM2: balance_score | AN2: damage_score | AO2: velocity_drop_score | AP2: suppression_score | AQ2: penetration_score | AR2: strength
A3: 5.8x42_sanxian_dbp95_64gr_fmj | B3: Sanxian DBP95 64gr FMJ | C3: 0 | D3: 0 | E3: 0 | F3: 0 | G3: 0 | I3: 0 | K3: 0 | L3: 0 | M3: -0.038 | N3: 76 | O3: 73 | P3: 1 | Q3: 0.3 | R3: 0.5 | S3: 2.5 | T3: =MAX(MIN($M3*Model!$A$13+$N3,$O3)*$P3,0) -> 73 | U3: =MAX(MIN($M3*Model!$A$14+$N3,$O3)*$P3,0) -> 73 | V3: =MAX(MIN($M3*Model!$A$15+$N3,$O3)*$P3,0) -> 70.3 | W3: =MAX(MIN($M3*Model!$A$16+$N3,$O3)*$P3,0) -> 66.5 | X3: =MAX(MIN($M3*Model!$A$17+$N3,$O3)*$P3,0) -> 61.75 | Y3: =MAX(MIN($M3*Model!$A$18+$N3,$O3)*$P3,0) -> 60.8 | Z3: =MAX(MIN($M3*Model!$A$19+$N3,$O3)*$P3,0) -> 57 | AA3: =T3*Model!$B$13+U3*Model!$B$14+V3*Model!$B$15+W3*Model!$B$16+X3*Model!$B$17+Y3*Model!$B$18+Z3*Model!$B$19 -> 69.575 | AB3: 0.35 | AC3: 0.6 | AD3: =CONCATENATE("stat(bullet_velocity;",'5.8x42mm-ammo'!$AE3,";",'5.8x42mm-ammo'!$AF3,";",'5.8x42mm-ammo'!$AG3,";",'5.8x42mm-ammo'!$AH3,")") -> stat(bullet_velocity;0.25;0.65;1500;3000) | AE3: 0.25 | AF3: 0.65 | AG3: 1500 | AH3: 3000 | AI3: =Model!$B$4+IF(I3="",0,I3) -> 2500 | AJ3: =MAX(AE3,MIN(AF3,AE3+(AI3-AG3)*(AF3-AE3)/(AH3-AG3))) -> 0.51666667 | AK3: idk lol | AL3: calibers.csv | AM3: =C3*Model!$B$24+D6*Model!$B$25+E3*Model!$B$26+F3*Model!$B$27+G3*Model!$B$28+H3*Model!$B$29+I3*Model!$B$30+J3*Model!$B$31+L3*Model!$B$32+K3*Model!$B$33 -> -1 | AN3: =(AA3-Model!$B$5)*Model!$B$35 -> -11.1375 | AO3: =(Model!$B$6-AB3)*Model!$B$36 -> 0 | AP3: =(AC3-Model!$B$7)*Model!$B$37 -> 0.3 | AQ3: =(AJ3-Model!$B$8)*Model!$B$38 -> -0.13333333 | AR3: =SUM(AM3:AQ3) -> -11.970833
A4: 5.8x42_sanxian_dbx95_64gr_green_tracer | B4: Sanxian DBX95 64gr Green Tracer | C4: 3 | D4: 0 | E4: -2 | F4: -3 | G4: 0.1 | I4: 0 | K4: 0 | L4: 500 | M4: -0.042 | N4: 76 | O4: 73.5 | P4: 1 | Q4: 0.3 | R4: 0.5 | S4: 2.5 | T4: =MAX(MIN($M4*Model!$A$13+$N4,$O4)*$P4,0) -> 73.5 | U4: =MAX(MIN($M4*Model!$A$14+$N4,$O4)*$P4,0) -> 72.85 | V4: =MAX(MIN($M4*Model!$A$15+$N4,$O4)*$P4,0) -> 69.7 | W4: =MAX(MIN($M4*Model!$A$16+$N4,$O4)*$P4,0) -> 65.5 | X4: =MAX(MIN($M4*Model!$A$17+$N4,$O4)*$P4,0) -> 60.25 | Y4: =MAX(MIN($M4*Model!$A$18+$N4,$O4)*$P4,0) -> 59.2 | Z4: =MAX(MIN($M4*Model!$A$19+$N4,$O4)*$P4,0) -> 55 | AA4: =T4*Model!$B$13+U4*Model!$B$14+V4*Model!$B$15+W4*Model!$B$16+X4*Model!$B$17+Y4*Model!$B$18+Z4*Model!$B$19 -> 69.0625 | AB4: 0.4 | AC4: 1 | AD4: =CONCATENATE("stat(bullet_velocity;",'5.8x42mm-ammo'!$AE4,";",'5.8x42mm-ammo'!$AF4,";",'5.8x42mm-ammo'!$AG4,";",'5.8x42mm-ammo'!$AH4,")") -> stat(bullet_velocity;0.2;0.6;1500;3000) | AE4: 0.2 | AF4: 0.6 | AG4: 1500 | AH4: 3000 | AI4: =Model!$B$4+IF(I4="",0,I4) -> 2500 | AJ4: =MAX(AE4,MIN(AF4,AE4+(AI4-AG4)*(AF4-AE4)/(AH4-AG4))) -> 0.46666667 | AK4: idk lol | AL4: calibers.csv | AM4: =C4*Model!$B$24+D7*Model!$B$25+E4*Model!$B$26+F4*Model!$B$27+G4*Model!$B$28+H4*Model!$B$29+I4*Model!$B$30+J4*Model!$B$31+L4*Model!$B$32+K4*Model!$B$33 -> 3 | AN4: =(AA4-Model!$B$5)*Model!$B$35 -> -11.90625 | AO4: =(Model!$B$6-AB4)*Model!$B$36 -> -0.1 | AP4: =(AC4-Model!$B$7)*Model!$B$37 -> 1.5 | AQ4: =(AJ4-Model!$B$8)*Model!$B$38 -> -0.33333333 | AR4: =SUM(AM4:AQ4) -> -7.8395833
A5: 5.8x42_sanxian_dbp10_71gr_fmj | B5: Sanxian DBP10 71gr FMJ | C5: -1 | D5: 0.05 | E5: 0 | F5: 1 | G5: -0.05 | I5: -50 | K5: 0 | L5: 1500 | M5: -0.042 | N5: 79 | O5: 77 | P5: 1 | Q5: 0.3 | R5: 0.5 | S5: 2.5 | T5: =MAX(MIN($M5*Model!$A$13+$N5,$O5)*$P5,0) -> 77 | U5: =MAX(MIN($M5*Model!$A$14+$N5,$O5)*$P5,0) -> 75.85 | V5: =MAX(MIN($M5*Model!$A$15+$N5,$O5)*$P5,0) -> 72.7 | W5: =MAX(MIN($M5*Model!$A$16+$N5,$O5)*$P5,0) -> 68.5 | X5: =MAX(MIN($M5*Model!$A$17+$N5,$O5)*$P5,0) -> 63.25 | Y5: =MAX(MIN($M5*Model!$A$18+$N5,$O5)*$P5,0) -> 62.2 | Z5: =MAX(MIN($M5*Model!$A$19+$N5,$O5)*$P5,0) -> 58 | AA5: =T5*Model!$B$13+U5*Model!$B$14+V5*Model!$B$15+W5*Model!$B$16+X5*Model!$B$17+Y5*Model!$B$18+Z5*Model!$B$19 -> 72.1375 | AB5: 0.4 | AC5: 0.65 | AD5: =CONCATENATE("stat(bullet_velocity;",'5.8x42mm-ammo'!$AE5,";",'5.8x42mm-ammo'!$AF5,";",'5.8x42mm-ammo'!$AG5,";",'5.8x42mm-ammo'!$AH5,")") -> stat(bullet_velocity;0.5;0.9;1500;3000) | AE5: 0.5 | AF5: 0.9 | AG5: 1500 | AH5: 3000 | AI5: =Model!$B$4+IF(I5="",0,I5) -> 2450 | AJ5: =MAX(AE5,MIN(AF5,AE5+(AI5-AG5)*(AF5-AE5)/(AH5-AG5))) -> 0.75333333 | AK5: idk lol | AL5: calibers.csv | AM5: =C5*Model!$B$24+D8*Model!$B$25+E5*Model!$B$26+F5*Model!$B$27+G5*Model!$B$28+H5*Model!$B$29+I5*Model!$B$30+J5*Model!$B$31+L5*Model!$B$32+K5*Model!$B$33 -> -2.65 | AN5: =(AA5-Model!$B$5)*Model!$B$35 -> -7.29375 | AO5: =(Model!$B$6-AB5)*Model!$B$36 -> -0.1 | AP5: =(AC5-Model!$B$7)*Model!$B$37 -> 0.45 | AQ5: =(AJ5-Model!$B$8)*Model!$B$38 -> 0.81333333 | AR5: =SUM(AM5:AQ5) -> -8.7804167
A6: 5.8x42_sanxian_dbx10_71gr_tracer_apbt | B6: Sanxian DBX10 71gr Tracer APBT | C6: 1 | D6: 0.05 | E6: -2 | F6: -2 | G6: 0.05 | I6: -50 | K6: 0 | L6: 2000 | M6: -0.048 | N6: 80 | O6: 76 | P6: 1 | Q6: 0.25 | R6: 0.45 | S6: 2.5 | T6: =MAX(MIN($M6*Model!$A$13+$N6,$O6)*$P6,0) -> 76 | U6: =MAX(MIN($M6*Model!$A$14+$N6,$O6)*$P6,0) -> 76 | V6: =MAX(MIN($M6*Model!$A$15+$N6,$O6)*$P6,0) -> 72.8 | W6: =MAX(MIN($M6*Model!$A$16+$N6,$O6)*$P6,0) -> 68 | X6: =MAX(MIN($M6*Model!$A$17+$N6,$O6)*$P6,0) -> 62 | Y6: =MAX(MIN($M6*Model!$A$18+$N6,$O6)*$P6,0) -> 60.8 | Z6: =MAX(MIN($M6*Model!$A$19+$N6,$O6)*$P6,0) -> 56 | AA6: =T6*Model!$B$13+U6*Model!$B$14+V6*Model!$B$15+W6*Model!$B$16+X6*Model!$B$17+Y6*Model!$B$18+Z6*Model!$B$19 -> 71.8 | AB6: 0.45 | AC6: 1.15 | AD6: =CONCATENATE("stat(bullet_velocity;",'5.8x42mm-ammo'!$AE6,";",'5.8x42mm-ammo'!$AF6,";",'5.8x42mm-ammo'!$AG6,";",'5.8x42mm-ammo'!$AH6,")") -> stat(bullet_velocity;0.85;1.25;1500;3000) | AE6: 0.85 | AF6: 1.25 | AG6: 1500 | AH6: 3000 | AI6: =Model!$B$4+IF(I6="",0,I6) -> 2450 | AJ6: =MAX(AE6,MIN(AF6,AE6+(AI6-AG6)*(AF6-AE6)/(AH6-AG6))) -> 1.1033333 | AK6: idk lol | AL6: calibers.csv | AM6: =C6*Model!$B$24+D9*Model!$B$25+E6*Model!$B$26+F6*Model!$B$27+G6*Model!$B$28+H6*Model!$B$29+I6*Model!$B$30+J6*Model!$B$31+L6*Model!$B$32+K6*Model!$B$33 -> -0.05 | AN6: =(AA6-Model!$B$5)*Model!$B$35 -> -7.8 | AO6: =(Model!$B$6-AB6)*Model!$B$36 -> -0.2 | AP6: =(AC6-Model!$B$7)*Model!$B$37 -> 1.95 | AQ6: =(AJ6-Model!$B$8)*Model!$B$38 -> 2.2133333 | AR6: =SUM(AM6:AQ6) -> -3.8866667
A7: 5.8x42_sanxian_dbp191_74gr_fmj | B7: Sanxian DBP191 74gr FMJ | C7: 1 | D7: 0.07 | E7: -1 | F7: 0 | G7: -0.1 | I7: -75 | K7: 0 | L7: 3500 | M7: -0.038 | N7: 80 | O7: 78 | P7: 1 | Q7: 0.3 | R7: 0.5 | S7: 2.5 | T7: =MAX(MIN($M7*Model!$A$13+$N7,$O7)*$P7,0) -> 78 | U7: =MAX(MIN($M7*Model!$A$14+$N7,$O7)*$P7,0) -> 77.15 | V7: =MAX(MIN($M7*Model!$A$15+$N7,$O7)*$P7,0) -> 74.3 | W7: =MAX(MIN($M7*Model!$A$16+$N7,$O7)*$P7,0) -> 70.5 | X7: =MAX(MIN($M7*Model!$A$17+$N7,$O7)*$P7,0) -> 65.75 | Y7: =MAX(MIN($M7*Model!$A$18+$N7,$O7)*$P7,0) -> 64.8 | Z7: =MAX(MIN($M7*Model!$A$19+$N7,$O7)*$P7,0) -> 61 | AA7: =T7*Model!$B$13+U7*Model!$B$14+V7*Model!$B$15+W7*Model!$B$16+X7*Model!$B$17+Y7*Model!$B$18+Z7*Model!$B$19 -> 73.7625 | AB7: 0.3 | AC7: 0.5 | AD7: =CONCATENATE("stat(bullet_velocity;",'5.8x42mm-ammo'!$AE7,";",'5.8x42mm-ammo'!$AF7,";",'5.8x42mm-ammo'!$AG7,";",'5.8x42mm-ammo'!$AH7,")") -> stat(bullet_velocity;0.3;0.7;1500;3000) | AE7: 0.3 | AF7: 0.7 | AG7: 1500 | AH7: 3000 | AI7: =Model!$B$4+IF(I7="",0,I7) -> 2425 | AJ7: =MAX(AE7,MIN(AF7,AE7+(AI7-AG7)*(AF7-AE7)/(AH7-AG7))) -> 0.54666667 | AK7: idk lol | AL7: calibers.csv | AM7: =C7*Model!$B$24+D10*Model!$B$25+E7*Model!$B$26+F7*Model!$B$27+G7*Model!$B$28+H7*Model!$B$29+I7*Model!$B$30+J7*Model!$B$31+L7*Model!$B$32+K7*Model!$B$33 -> 1.225 | AN7: =(AA7-Model!$B$5)*Model!$B$35 -> -4.85625 | AO7: =(Model!$B$6-AB7)*Model!$B$36 -> 0.1 | AP7: =(AC7-Model!$B$7)*Model!$B$37 -> 0 | AQ7: =(AJ7-Model!$B$8)*Model!$B$38 -> -0.013333333 | AR7: =SUM(AM7:AQ7) -> -3.5445833
A8: 5.8x42_sanxian_dbp88_77gr_heavy_ball | B8: Sanxian DBP88 77gr Heavy Ball | C8: 0 | D8: 0.09 | E8: -1 | F8: -2 | G8: 0 | I8: -150 | K8: 0 | L8: 1750 | M8: -0.054 | N8: 81 | O8: 80.5 | P8: 1 | Q8: 0.3 | R8: 0.5 | S8: 2.5 | T8: =MAX(MIN($M8*Model!$A$13+$N8,$O8)*$P8,0) -> 79.65 | U8: =MAX(MIN($M8*Model!$A$14+$N8,$O8)*$P8,0) -> 76.95 | V8: =MAX(MIN($M8*Model!$A$15+$N8,$O8)*$P8,0) -> 72.9 | W8: =MAX(MIN($M8*Model!$A$16+$N8,$O8)*$P8,0) -> 67.5 | X8: =MAX(MIN($M8*Model!$A$17+$N8,$O8)*$P8,0) -> 60.75 | Y8: =MAX(MIN($M8*Model!$A$18+$N8,$O8)*$P8,0) -> 59.4 | Z8: =MAX(MIN($M8*Model!$A$19+$N8,$O8)*$P8,0) -> 54 | AA8: =T8*Model!$B$13+U8*Model!$B$14+V8*Model!$B$15+W8*Model!$B$16+X8*Model!$B$17+Y8*Model!$B$18+Z8*Model!$B$19 -> 72.36 | AB8: 0.45 | AC8: 0.7 | AD8: =CONCATENATE("stat(bullet_velocity;",'5.8x42mm-ammo'!$AE8,";",'5.8x42mm-ammo'!$AF8,";",'5.8x42mm-ammo'!$AG8,";",'5.8x42mm-ammo'!$AH8,")") -> stat(bullet_velocity;0.4;0.8;1500;3000) | AE8: 0.4 | AF8: 0.8 | AG8: 1500 | AH8: 3000 | AI8: =Model!$B$4+IF(I8="",0,I8) -> 2350 | AJ8: =MAX(AE8,MIN(AF8,AE8+(AI8-AG8)*(AF8-AE8)/(AH8-AG8))) -> 0.62666667 | AK8: idk lol | AL8: calibers.csv | AM8: =C8*Model!$B$24+D11*Model!$B$25+E8*Model!$B$26+F8*Model!$B$27+G8*Model!$B$28+H8*Model!$B$29+I8*Model!$B$30+J8*Model!$B$31+L8*Model!$B$32+K8*Model!$B$33 -> -1.15 | AN8: =(AA8-Model!$B$5)*Model!$B$35 -> -6.96 | AO8: =(Model!$B$6-AB8)*Model!$B$36 -> -0.2 | AP8: =(AC8-Model!$B$7)*Model!$B$37 -> 0.6 | AQ8: =(AJ8-Model!$B$8)*Model!$B$38 -> 0.30666667 | AR8: =SUM(AM8:AQ8) -> -7.4033333
A9: 5.8x42_sanxian_dbu141_86gr_match | B9: Sanxian DBU141 86gr Match Grade | C9: -1 | D9: 0.13 | E9: 3 | F9: 7 | G9: -0.2 | I9: -125 | K9: 0 | L9: 4000 | M9: -0.03 | N9: 77 | O9: 75 | P9: 1 | Q9: 0.35 | R9: 0.55 | S9: 2.5 | T9: =MAX(MIN($M9*Model!$A$13+$N9,$O9)*$P9,0) -> 75 | U9: =MAX(MIN($M9*Model!$A$14+$N9,$O9)*$P9,0) -> 74.75 | V9: =MAX(MIN($M9*Model!$A$15+$N9,$O9)*$P9,0) -> 72.5 | W9: =MAX(MIN($M9*Model!$A$16+$N9,$O9)*$P9,0) -> 69.5 | X9: =MAX(MIN($M9*Model!$A$17+$N9,$O9)*$P9,0) -> 65.75 | Y9: =MAX(MIN($M9*Model!$A$18+$N9,$O9)*$P9,0) -> 65 | Z9: =MAX(MIN($M9*Model!$A$19+$N9,$O9)*$P9,0) -> 62 | AA9: =T9*Model!$B$13+U9*Model!$B$14+V9*Model!$B$15+W9*Model!$B$16+X9*Model!$B$17+Y9*Model!$B$18+Z9*Model!$B$19 -> 72.0125 | AB9: 0.25 | AC9: 0.65 | AD9: =CONCATENATE("stat(bullet_velocity;",'5.8x42mm-ammo'!$AE9,";",'5.8x42mm-ammo'!$AF9,";",'5.8x42mm-ammo'!$AG9,";",'5.8x42mm-ammo'!$AH9,")") -> stat(bullet_velocity;0.15;0.55;1500;3000) | AE9: 0.15 | AF9: 0.55 | AG9: 1500 | AH9: 3000 | AI9: =Model!$B$4+IF(I9="",0,I9) -> 2375 | AJ9: =MAX(AE9,MIN(AF9,AE9+(AI9-AG9)*(AF9-AE9)/(AH9-AG9))) -> 0.38333333 | AK9: idk lol | AL9: calibers.csv | AM9: =C9*Model!$B$24+D12*Model!$B$25+E9*Model!$B$26+F9*Model!$B$27+G9*Model!$B$28+H9*Model!$B$29+I9*Model!$B$30+J9*Model!$B$31+L9*Model!$B$32+K9*Model!$B$33 -> -5.825 | AN9: =(AA9-Model!$B$5)*Model!$B$35 -> -7.48125 | AO9: =(Model!$B$6-AB9)*Model!$B$36 -> 0.2 | AP9: =(AC9-Model!$B$7)*Model!$B$37 -> 0.45 | AQ9: =(AJ9-Model!$B$8)*Model!$B$38 -> -0.66666667 | AR9: =SUM(AM9:AQ9) -> -13.322917
A10: 5.8x42_sanxian_dvp88_81gr_ap | B10: Sanxian DVP88 81gr AP | C10: -1 | D10: 0.11 | E10: -1 | F10: 0 | G10: 0.05 | I10: -175 | K10: 0 | L10: 1250 | M10: -0.048 | N10: 79 | O10: 77.5 | P10: 1 | Q10: 0.25 | R10: 0.45 | S10: 2.5 | T10: =MAX(MIN($M10*Model!$A$13+$N10,$O10)*$P10,0) -> 77.5 | U10: =MAX(MIN($M10*Model!$A$14+$N10,$O10)*$P10,0) -> 75.4 | V10: =MAX(MIN($M10*Model!$A$15+$N10,$O10)*$P10,0) -> 71.8 | W10: =MAX(MIN($M10*Model!$A$16+$N10,$O10)*$P10,0) -> 67 | X10: =MAX(MIN($M10*Model!$A$17+$N10,$O10)*$P10,0) -> 61 | Y10: =MAX(MIN($M10*Model!$A$18+$N10,$O10)*$P10,0) -> 59.8 | Z10: =MAX(MIN($M10*Model!$A$19+$N10,$O10)*$P10,0) -> 55 | AA10: =T10*Model!$B$13+U10*Model!$B$14+V10*Model!$B$15+W10*Model!$B$16+X10*Model!$B$17+Y10*Model!$B$18+Z10*Model!$B$19 -> 71.275 | AB10: 0.5 | AC10: 0.7 | AD10: =CONCATENATE("stat(bullet_velocity;",'5.8x42mm-ammo'!$AE10,";",'5.8x42mm-ammo'!$AF10,";",'5.8x42mm-ammo'!$AG10,";",'5.8x42mm-ammo'!$AH10,")") -> stat(bullet_velocity;0.9;1.3;1500;3000) | AE10: 0.9 | AF10: 1.3 | AG10: 1500 | AH10: 3000 | AI10: =Model!$B$4+IF(I10="",0,I10) -> 2325 | AJ10: =MAX(AE10,MIN(AF10,AE10+(AI10-AG10)*(AF10-AE10)/(AH10-AG10))) -> 1.12 | AK10: idk lol | AL10: calibers.csv | AM10: =C10*Model!$B$24+D10*Model!$B$25+E10*Model!$B$26+F10*Model!$B$27+G10*Model!$B$28+H10*Model!$B$29+I10*Model!$B$30+J10*Model!$B$31+L10*Model!$B$32+K10*Model!$B$33 -> -4.275 | AN10: =(AA10-Model!$B$5)*Model!$B$35 -> -8.5875 | AO10: =(Model!$B$6-AB10)*Model!$B$36 -> -0.3 | AP10: =(AC10-Model!$B$7)*Model!$B$37 -> 0.6 | AQ10: =(AJ10-Model!$B$8)*Model!$B$38 -> 2.28 | AR10: =SUM(AM10:AQ10) -> -10.2825
A11: 5.8x42_sanxian_dvc12_85gr_ap | B11: Sanxian DVC12 85gr AP | C11: -2 | D11: 0.12 | E11: 2 | F11: 1 | G11: -0.1 | I11: -125 | K11: 0 | L11: 5000 | M11: -0.058 | N11: 86 | O11: 79 | P11: 1 | Q11: 0.2 | R11: 0.4 | S11: 2.5 | T11: =MAX(MIN($M11*Model!$A$13+$N11,$O11)*$P11,0) -> 79 | U11: =MAX(MIN($M11*Model!$A$14+$N11,$O11)*$P11,0) -> 79 | V11: =MAX(MIN($M11*Model!$A$15+$N11,$O11)*$P11,0) -> 77.3 | W11: =MAX(MIN($M11*Model!$A$16+$N11,$O11)*$P11,0) -> 71.5 | X11: =MAX(MIN($M11*Model!$A$17+$N11,$O11)*$P11,0) -> 64.25 | Y11: =MAX(MIN($M11*Model!$A$18+$N11,$O11)*$P11,0) -> 62.8 | Z11: =MAX(MIN($M11*Model!$A$19+$N11,$O11)*$P11,0) -> 57 | AA11: =T11*Model!$B$13+U11*Model!$B$14+V11*Model!$B$15+W11*Model!$B$16+X11*Model!$B$17+Y11*Model!$B$18+Z11*Model!$B$19 -> 75.225 | AB11: 0.55 | AC11: 0.5 | AD11: =CONCATENATE("stat(bullet_velocity;",'5.8x42mm-ammo'!$AE11,";",'5.8x42mm-ammo'!$AF11,";",'5.8x42mm-ammo'!$AG11,";",'5.8x42mm-ammo'!$AH11,")") -> stat(bullet_velocity;1.2;1.6;1500;3000) | AE11: 1.2 | AF11: 1.6 | AG11: 1500 | AH11: 3000 | AI11: =Model!$B$4+IF(I11="",0,I11) -> 2375 | AJ11: =MAX(AE11,MIN(AF11,AE11+(AI11-AG11)*(AF11-AE11)/(AH11-AG11))) -> 1.4333333 | AK11: idk lol | AL11: calibers.csv | AM11: =C11*Model!$B$24+D14*Model!$B$25+E11*Model!$B$26+F11*Model!$B$27+G11*Model!$B$28+H11*Model!$B$29+I11*Model!$B$30+J11*Model!$B$31+L11*Model!$B$32+K11*Model!$B$33 -> -2.825 | AN11: =(AA11-Model!$B$5)*Model!$B$35 -> -2.6625 | AO11: =(Model!$B$6-AB11)*Model!$B$36 -> -0.4 | AP11: =(AC11-Model!$B$7)*Model!$B$37 -> 0 | AQ11: =(AJ11-Model!$B$8)*Model!$B$38 -> 3.5333333 | AR11: =SUM(AM11:AQ11) -> -2.3541667
A12: 5.8x42_sanxian_dfv18_76gr_hp | B12: Sanxian DVF18 76gr HP | C12: 1 | D12: 0.08 | E12: 0 | F12: 1 | G12: -0.05 | I12: -100 | K12: 0 | L12: 2500 | M12: -0.066 | N12: 82.5 | O12: 82.5 | P12: 1 | Q12: 0.35 | R12: 0.55 | S12: 2.5 | T12: =MAX(MIN($M12*Model!$A$13+$N12,$O12)*$P12,0) -> 80.85 | U12: =MAX(MIN($M12*Model!$A$14+$N12,$O12)*$P12,0) -> 77.55 | V12: =MAX(MIN($M12*Model!$A$15+$N12,$O12)*$P12,0) -> 72.6 | W12: =MAX(MIN($M12*Model!$A$16+$N12,$O12)*$P12,0) -> 66 | X12: =MAX(MIN($M12*Model!$A$17+$N12,$O12)*$P12,0) -> 57.75 | Y12: =MAX(MIN($M12*Model!$A$18+$N12,$O12)*$P12,0) -> 56.1 | Z12: =MAX(MIN($M12*Model!$A$19+$N12,$O12)*$P12,0) -> 49.5 | AA12: =T12*Model!$B$13+U12*Model!$B$14+V12*Model!$B$15+W12*Model!$B$16+X12*Model!$B$17+Y12*Model!$B$18+Z12*Model!$B$19 -> 71.94 | AB12: 0.5 | AC12: 0.45 | AD12: =CONCATENATE("stat(bullet_velocity;",'5.8x42mm-ammo'!$AE12,";",'5.8x42mm-ammo'!$AF12,";",'5.8x42mm-ammo'!$AG12,";",'5.8x42mm-ammo'!$AH12,")") -> stat(bullet_velocity;0.05;0.35;1500;3000) | AE12: 0.05 | AF12: 0.35 | AG12: 1500 | AH12: 3000 | AI12: =Model!$B$4+IF(I12="",0,I12) -> 2400 | AJ12: =MAX(AE12,MIN(AF12,AE12+(AI12-AG12)*(AF12-AE12)/(AH12-AG12))) -> 0.23 | AK12: idk lol | AL12: calibers.csv | AM12: =C12*Model!$B$24+D15*Model!$B$25+E12*Model!$B$26+F12*Model!$B$27+G12*Model!$B$28+H12*Model!$B$29+I12*Model!$B$30+J12*Model!$B$31+L12*Model!$B$32+K12*Model!$B$33 -> 0.9 | AN12: =(AA12-Model!$B$5)*Model!$B$35 -> -7.59 | AO12: =(Model!$B$6-AB12)*Model!$B$36 -> -0.3 | AP12: =(AC12-Model!$B$7)*Model!$B$37 -> -0.15 | AQ12: =(AJ12-Model!$B$8)*Model!$B$38 -> -1.28 | AR12: =SUM(AM12:AQ12) -> -8.42
D13: ✅ | G13: ✅ | I13: ✅ | L13: ✅ | M13: ✅ | N13: ✅ | O13: ✅ | P13: ✅ | Q13: ✅ | R13: ✅ | S13: ✅ | AB13: ✅ | AC13: ✅ | AE13: ✅ | AF13: ✅
A29: 5.8x42mm Old for Ref
A30: 5.8x42_sanxian_dbp95_64gr_fmj | B30: dbp95 | C30: 0 | D30: 0.15 | E30: 0 | F30: 0 | G30: 0 | I30: 0 | L30: 0 | M30: -0.026 | N30: 75 | O30: 75 | P30: 1 | Q30: 0.3 | R30: 0.5 | S30: 2.5 | T30: =MAX(MIN($M30*Model!$A$13+$N30,$O30)*$P30,0) -> 74.35 | U30: =MAX(MIN($M30*Model!$A$14+$N30,$O30)*$P30,0) -> 73.05 | V30: =MAX(MIN($M30*Model!$A$15+$N30,$O30)*$P30,0) -> 71.1 | W30: =MAX(MIN($M30*Model!$A$16+$N30,$O30)*$P30,0) -> 68.5 | X30: =MAX(MIN($M30*Model!$A$17+$N30,$O30)*$P30,0) -> 65.25 | Y30: =MAX(MIN($M30*Model!$A$18+$N30,$O30)*$P30,0) -> 64.6 | Z30: =MAX(MIN($M30*Model!$A$19+$N30,$O30)*$P30,0) -> 62 | AA30: =T30*Model!$B$13+U30*Model!$B$14+V30*Model!$B$15+W30*Model!$B$16+X30*Model!$B$17+Y30*Model!$B$18+Z30*Model!$B$19 -> 70.84 | AB30: 0.35 | AC30: 0.85 | AD30: =CONCATENATE("stat(bullet_velocity;",'5.8x42mm-ammo'!$AE30,";",'5.8x42mm-ammo'!$AF30,";",'5.8x42mm-ammo'!$AG30,";",'5.8x42mm-ammo'!$AH30,")") -> stat(bullet_velocity;0.55;0.85;1500;3000) | AE30: 0.55 | AF30: 0.85 | AG30: 1500 | AH30: 3000 | AI30: =Model!$B$4+IF(I30="",0,I30) -> 2500 | AJ30: =MAX(AE30,MIN(AF30,AE30+(AI30-AG30)*(AF30-AE30)/(AH30-AG30))) -> 0.75 | AK30: idk lol | AL30: calibers.csv | AM30: =C30*Model!$B$24+D30*Model!$B$25+E30*Model!$B$26+F30*Model!$B$27+G30*Model!$B$28+H30*Model!$B$29+I30*Model!$B$30+J30*Model!$B$31+L30*Model!$B$32 -> -3 | AN30: =(AA30-Model!$B$5)*Model!$B$35 -> -9.24 | AO30: =(Model!$B$6-AB30)*Model!$B$36 -> 0 | AP30: =(AC30-Model!$B$7)*Model!$B$37 -> 1.05 | AQ30: =(AJ30-Model!$B$8)*Model!$B$38 -> 0.8 | AR30: =SUM(AM30:AQ30) -> -10.39
A31: 5.8x42_sanxian_dbx95_64gr_green_tracer | B31: dbx95 grn | C31: -1 | D31: 0.15 | E31: -1 | F31: -1 | G31: 0.05 | I31: 0 | L31: 1000 | M31: -0.03 | N31: 73 | O31: 73 | P31: 1 | Q31: 0.3 | R31: 0.5 | S31: 2.5 | T31: =MAX(MIN($M31*Model!$A$13+$N31,$O31)*$P31,0) -> 72.25 | U31: =MAX(MIN($M31*Model!$A$14+$N31,$O31)*$P31,0) -> 70.75 | V31: =MAX(MIN($M31*Model!$A$15+$N31,$O31)*$P31,0) -> 68.5 | W31: =MAX(MIN($M31*Model!$A$16+$N31,$O31)*$P31,0) -> 65.5 | X31: =MAX(MIN($M31*Model!$A$17+$N31,$O31)*$P31,0) -> 61.75 | Y31: =MAX(MIN($M31*Model!$A$18+$N31,$O31)*$P31,0) -> 61 | Z31: =MAX(MIN($M31*Model!$A$19+$N31,$O31)*$P31,0) -> 58 | AA31: =T31*Model!$B$13+U31*Model!$B$14+V31*Model!$B$15+W31*Model!$B$16+X31*Model!$B$17+Y31*Model!$B$18+Z31*Model!$B$19 -> 68.2 | AB31: 0.4 | AC31: 0.9 | AD31: =CONCATENATE("stat(bullet_velocity;",'5.8x42mm-ammo'!$AE31,";",'5.8x42mm-ammo'!$AF31,";",'5.8x42mm-ammo'!$AG31,";",'5.8x42mm-ammo'!$AH31,")") -> stat(bullet_velocity;0.5;0.8;1500;3000) | AE31: 0.5 | AF31: 0.8 | AG31: 1500 | AH31: 3000 | AI31: =Model!$B$4+IF(I31="",0,I31) -> 2500 | AJ31: =MAX(AE31,MIN(AF31,AE31+(AI31-AG31)*(AF31-AE31)/(AH31-AG31))) -> 0.7 | AK31: idk lol | AL31: calibers.csv | AM31: =C31*Model!$B$24+D31*Model!$B$25+E31*Model!$B$26+F31*Model!$B$27+G31*Model!$B$28+H31*Model!$B$29+I31*Model!$B$30+J31*Model!$B$31+L31*Model!$B$32 -> -3.6 | AN31: =(AA31-Model!$B$5)*Model!$B$35 -> -13.2 | AO31: =(Model!$B$6-AB31)*Model!$B$36 -> -0.1 | AP31: =(AC31-Model!$B$7)*Model!$B$37 -> 1.2 | AQ31: =(AJ31-Model!$B$8)*Model!$B$38 -> 0.6 | AR31: =SUM(AM31:AQ31) -> -15.1
A32: 5.8x42_sanxian_dbp10_71gr_fmj | B32: dbp10 | C32: 2 | D32: 0.18 | E32: 2 | F32: 2 | G32: 0.1 | I32: -100 | L32: 2000 | M32: -0.04 | N32: 80 | O32: 80 | P32: 1 | Q32: 0.3 | R32: 0.5 | S32: 2.5 | T32: =MAX(MIN($M32*Model!$A$13+$N32,$O32)*$P32,0) -> 79 | U32: =MAX(MIN($M32*Model!$A$14+$N32,$O32)*$P32,0) -> 77 | V32: =MAX(MIN($M32*Model!$A$15+$N32,$O32)*$P32,0) -> 74 | W32: =MAX(MIN($M32*Model!$A$16+$N32,$O32)*$P32,0) -> 70 | X32: =MAX(MIN($M32*Model!$A$17+$N32,$O32)*$P32,0) -> 65 | Y32: =MAX(MIN($M32*Model!$A$18+$N32,$O32)*$P32,0) -> 64 | Z32: =MAX(MIN($M32*Model!$A$19+$N32,$O32)*$P32,0) -> 60 | AA32: =T32*Model!$B$13+U32*Model!$B$14+V32*Model!$B$15+W32*Model!$B$16+X32*Model!$B$17+Y32*Model!$B$18+Z32*Model!$B$19 -> 73.6 | AB32: 0.3 | AC32: 0.95 | AD32: =CONCATENATE("stat(bullet_velocity;",'5.8x42mm-ammo'!$AE32,";",'5.8x42mm-ammo'!$AF32,";",'5.8x42mm-ammo'!$AG32,";",'5.8x42mm-ammo'!$AH32,")") -> stat(bullet_velocity;0.1;0.5;1500;3000) | AE32: 0.1 | AF32: 0.5 | AG32: 1500 | AH32: 3000 | AI32: =Model!$B$4+IF(I32="",0,I32) -> 2400 | AJ32: =MAX(AE32,MIN(AF32,AE32+(AI32-AG32)*(AF32-AE32)/(AH32-AG32))) -> 0.34 | AK32: idk lol | AL32: calibers.csv | AM32: =C32*Model!$B$24+D32*Model!$B$25+E32*Model!$B$26+F32*Model!$B$27+G32*Model!$B$28+H32*Model!$B$29+I32*Model!$B$30+J32*Model!$B$31+L32*Model!$B$32 -> -6.9 | AN32: =(AA32-Model!$B$5)*Model!$B$35 -> -5.1 | AO32: =(Model!$B$6-AB32)*Model!$B$36 -> 0.1 | AP32: =(AC32-Model!$B$7)*Model!$B$37 -> 1.35 | AQ32: =(AJ32-Model!$B$8)*Model!$B$38 -> -0.84 | AR32: =SUM(AM32:AQ32) -> -11.39
AE33: i dont know the exact values'

Sheet Model
A1: 5.8x42mm ammo scoring model
A3: Assumption | B3: Value | C3: Purpose
A4: QBZ-95 base velocity | B4: 2500 | C4: studs/s; add bullet_velocity modifier
A5: Damage reference | B5: 77 | C5: weighted damage scores above/below this
A6: Velocity-drop reference | B6: 0.35 | C6: lower is better
A7: Suppression reference | B7: 0.5 | C7: higher is better
A8: Penetration reference | B8: 0.55 | C8: higher is better
A10: Damage distance weights
A12: Distance (studs) | B12: Weight | C12: Rationale
A13: 25 | B13: 0.15 | C13: close
A14: 75 | B14: 0.25 | C14: close
A15: 150 | B15: 0.25 | C15: common
A16: 250 | B16: 0.25 | C16: medium
A17: 375 | B17: 0.1 | C17: long
A18: 400 | B18: 0 | C18: very long
A19: 500 | B19: 0 | C19: upper edge
A20: Weight check | B20: =SUM(B13:B19) -> 1
A22: balancing.csv stat weights
A23: Stat | B23: Weight | C23: Interpretation
A24: ergonomics | B24: 1 | C24: higher is better
A25: weight | B25: -20 | C25: lower is better
A26: horizontal_recoil | B26: -0.8 | C26: lower is better
A27: vertical_recoil | B27: -0.6 | C27: lower is better
A28: barrel_deviation | B28: -20 | C28: lower is better
A29: bullet_damage | B29: 10 | C29: fractional modifier
A30: bullet_velocity | B30: 0.005 | C30: =CONCAT("1 point per +", 1/B30) -> 1 point per +200
A31: fire_rate | B31: 10 | C31: fractional modifier
A32: price | B32: 0 | C32: excluded from performance strength
A33: muzzle loudness | B33: -10 | C33: fractional modifier, lower = better
A34: Ammo-specific metric weights
A35: weighted_damage | B35: 1.5 | C35: points per damage above reference
A36: velocity_drop | B36: 2 | C36: small effect; lower is better
A37: suppression | B37: 3 | C37: moderate effect; higher is better
A38: penetration | B38: 4 | C38: moderate effect; higher is better
