Workbook

Sheet 762x39-ammo
A1: balancing.csv inputs | M1: calibers.csv damage inputs | T1: calculated torso damage by range | AB1: calibers.csv traits & penetration inputs | AI1: penetration model | AK1: source audit | AM1: weighted score
A2: name | B2: pretty_name | C2: ergonomics | D2: weight | E2: horizontal_recoil | F2: vertical_recoil | G2: barrel_deviation | H2: bullet_damage | I2: bullet_velocity | J2: fire_rate | K2: muzzle_loudness | L2: price | M2: damage_torso_a | N2: damage_torso_b | O2: damage_torso_c | P2: damage_torso_d | Q2: damage_arm_d | R2: damage_leg_d | S2: damage_head_d | T2: damage_25 | U2: damage_75 | V2: damage_150 | W2: damage_250 | X2: damage_375 | Y2: damage_400 | Z2: damage_500 | AA2: weighted_damage | AB2: velocity_drop | AC2: suppression | AD2: bullet_penetration_ability | AE2: pen_low | AF2: pen_high | AG2: pen_velocity_low | AH2: pen_velocity_high | AI2: effective_velocity | AJ2: penetration | AK2: calibers_row | AL2: source_file | AM2: balance_score | AN2: damage_score | AO2: velocity_drop_score | AP2: suppression_score | AQ2: penetration_score | AR2: strength
A3: 7.62x39_tsniitekhmash_8m3_124gr_hp | B3: TsNIITekhMash 8M3 Effect 124gr Hollow Point | C3: -2 | D3: 0.02 | E3: 3 | F3: 5 | G3: 0.1 | I3: -50 | K3: 0 | L3: 2000 | M3: -0.09 | N3: 97.5 | O3: 97.5 | P3: 1 | Q3: 0.35 | R3: 0.55 | S3: 2.5 | T3: =MAX(MIN($M3*Model!$A$13+$N3,$O3)*$P3,0) -> 95.25 | U3: =MAX(MIN($M3*Model!$A$14+$N3,$O3)*$P3,0) -> 90.75 | V3: =MAX(MIN($M3*Model!$A$15+$N3,$O3)*$P3,0) -> 84 | W3: =MAX(MIN($M3*Model!$A$16+$N3,$O3)*$P3,0) -> 75 | X3: =MAX(MIN($M3*Model!$A$17+$N3,$O3)*$P3,0) -> 63.75 | Y3: =MAX(MIN($M3*Model!$A$18+$N3,$O3)*$P3,0) -> 61.5 | Z3: =MAX(MIN($M3*Model!$A$19+$N3,$O3)*$P3,0) -> 52.5 | AA3: =T3*Model!$B$13+U3*Model!$B$14+V3*Model!$B$15+W3*Model!$B$16+X3*Model!$B$17+Y3*Model!$B$18+Z3*Model!$B$19 -> 83.325 | AB3: 0.55 | AC3: 0.55 | AD3: =CONCATENATE("stat(bullet_velocity;",'762x39-ammo'!$AE3,";",'762x39-ammo'!$AF3,";",'762x39-ammo'!$AG3,";",'762x39-ammo'!$AH3,")") -> stat(bullet_velocity;0.05;0.35;1500;3000) | AE3: 0.05 | AF3: 0.35 | AG3: 1500 | AH3: 3000 | AI3: =Model!$B$4+IF(I3="",0,I3) -> 1793 | AJ3: =MAX(AE3,MIN(AF3,AE3+(AI3-AG3)*(AF3-AE3)/(AH3-AG3))) -> 0.1086 | AK3: 45 | AL3: calibers.csv | AM3: =C3*Model!$B$24+D3*Model!$B$25+E3*Model!$B$26+F3*Model!$B$27+G3*Model!$B$28+H3*Model!$B$29+I3*Model!$B$30+J3*Model!$B$31+L3*Model!$B$32+K3*Model!$B$33 -> -10.05 | AN3: =(AA3-Model!$B$5)*Model!$B$35 -> 9.4875 | AO3: =(Model!$B$6-AB3)*Model!$B$36 -> -0.4 | AP3: =(AC3-Model!$B$7)*Model!$B$37 -> 0.15 | AQ3: =(AJ3-Model!$B$8)*Model!$B$38 -> -1.7656 | AR3: =SUM(AM3:AQ3) -> -2.5781
A4: 7.62x39_pga_rifle_123gr_jsp | B4: Prva Garda Rifle Line 123gr JSP | C4: -1 | D4: 0.01 | E4: 2 | F4: 4 | G4: 0.05 | I4: 75 | K4: 0 | L4: 1000 | M4: -0.08 | N4: 96.5 | O4: 96 | P4: 1 | Q4: 0.35 | R4: 0.55 | S4: 2.5 | T4: =MAX(MIN($M4*Model!$A$13+$N4,$O4)*$P4,0) -> 94.5 | U4: =MAX(MIN($M4*Model!$A$14+$N4,$O4)*$P4,0) -> 90.5 | V4: =MAX(MIN($M4*Model!$A$15+$N4,$O4)*$P4,0) -> 84.5 | W4: =MAX(MIN($M4*Model!$A$16+$N4,$O4)*$P4,0) -> 76.5 | X4: =MAX(MIN($M4*Model!$A$17+$N4,$O4)*$P4,0) -> 66.5 | Y4: =MAX(MIN($M4*Model!$A$18+$N4,$O4)*$P4,0) -> 64.5 | Z4: =MAX(MIN($M4*Model!$A$19+$N4,$O4)*$P4,0) -> 56.5 | AA4: =T4*Model!$B$13+U4*Model!$B$14+V4*Model!$B$15+W4*Model!$B$16+X4*Model!$B$17+Y4*Model!$B$18+Z4*Model!$B$19 -> 83.9 | AB4: 0.5 | AC4: 0.6 | AD4: =CONCATENATE("stat(bullet_velocity;",'762x39-ammo'!$AE4,";",'762x39-ammo'!$AF4,";",'762x39-ammo'!$AG4,";",'762x39-ammo'!$AH4,")") -> stat(bullet_velocity;0.1;0.4;1500;3000) | AE4: 0.1 | AF4: 0.4 | AG4: 1500 | AH4: 3000 | AI4: =Model!$B$4+IF(I4="",0,I4) -> 1918 | AJ4: =MAX(AE4,MIN(AF4,AE4+(AI4-AG4)*(AF4-AE4)/(AH4-AG4))) -> 0.1836 | AK4: 44 | AL4: calibers.csv | AM4: =C4*Model!$B$24+D4*Model!$B$25+E4*Model!$B$26+F4*Model!$B$27+G4*Model!$B$28+H4*Model!$B$29+I4*Model!$B$30+J4*Model!$B$31+L4*Model!$B$32+K4*Model!$B$33 -> -5.825 | AN4: =(AA4-Model!$B$5)*Model!$B$35 -> 10.35 | AO4: =(Model!$B$6-AB4)*Model!$B$36 -> -0.3 | AP4: =(AC4-Model!$B$7)*Model!$B$37 -> 0.3 | AQ4: =(AJ4-Model!$B$8)*Model!$B$38 -> -1.4656 | AR4: =SUM(AM4:AQ4) -> 3.0594
A5: 7.62x39_underworld_controlled_chase_123gr_hunting | B5: Underworld Controlled Chase 123gr Monolithic Hunting | C5: 0 | D5: 0.01 | E5: 2 | F5: 1 | G5: -0.05 | I5: 125 | K5: 0 | L5: 1500 | M5: -0.06 | N5: 93.5 | O5: 93.5 | P5: 1 | Q5: 0.35 | R5: 0.55 | S5: 2.5 | T5: =MAX(MIN($M5*Model!$A$13+$N5,$O5)*$P5,0) -> 92 | U5: =MAX(MIN($M5*Model!$A$14+$N5,$O5)*$P5,0) -> 89 | V5: =MAX(MIN($M5*Model!$A$15+$N5,$O5)*$P5,0) -> 84.5 | W5: =MAX(MIN($M5*Model!$A$16+$N5,$O5)*$P5,0) -> 78.5 | X5: =MAX(MIN($M5*Model!$A$17+$N5,$O5)*$P5,0) -> 71 | Y5: =MAX(MIN($M5*Model!$A$18+$N5,$O5)*$P5,0) -> 69.5 | Z5: =MAX(MIN($M5*Model!$A$19+$N5,$O5)*$P5,0) -> 63.5 | AA5: =T5*Model!$B$13+U5*Model!$B$14+V5*Model!$B$15+W5*Model!$B$16+X5*Model!$B$17+Y5*Model!$B$18+Z5*Model!$B$19 -> 84.05 | AB5: 0.35 | AC5: 0.55 | AD5: =CONCATENATE("stat(bullet_velocity;",'762x39-ammo'!$AE5,";",'762x39-ammo'!$AF5,";",'762x39-ammo'!$AG5,";",'762x39-ammo'!$AH5,")") -> stat(bullet_velocity;0.2;0.5;1500;3000) | AE5: 0.2 | AF5: 0.5 | AG5: 1500 | AH5: 3000 | AI5: =Model!$B$4+IF(I5="",0,I5) -> 1968 | AJ5: =MAX(AE5,MIN(AF5,AE5+(AI5-AG5)*(AF5-AE5)/(AH5-AG5))) -> 0.2936 | AK5: 46 | AL5: calibers.csv | AM5: =C5*Model!$B$24+D5*Model!$B$25+E5*Model!$B$26+F5*Model!$B$27+G5*Model!$B$28+H5*Model!$B$29+I5*Model!$B$30+J5*Model!$B$31+L5*Model!$B$32+K5*Model!$B$33 -> -0.775 | AN5: =(AA5-Model!$B$5)*Model!$B$35 -> 10.575 | AO5: =(Model!$B$6-AB5)*Model!$B$36 -> 0 | AP5: =(AC5-Model!$B$7)*Model!$B$37 -> 0.15 | AQ5: =(AJ5-Model!$B$8)*Model!$B$38 -> -1.0256 | AR5: =SUM(AM5:AQ5) -> 8.9244
A6: 7.62x39_hawthorne_sub_x_255gr_subsonic | B6: Hawthorne Sub X 255gr Subsonic | C6: 1 | D6: 0.11 | E6: -3 | F6: -4 | G6: 0.05 | I6: -1000 | K6: -0.6 | L6: 1500 | M6: -0.1 | N6: 96 | O6: 97 | P6: 1 | Q6: 0.3 | R6: 0.5 | S6: 2.5 | T6: =MAX(MIN($M6*Model!$A$13+$N6,$O6)*$P6,0) -> 93.5 | U6: =MAX(MIN($M6*Model!$A$14+$N6,$O6)*$P6,0) -> 88.5 | V6: =MAX(MIN($M6*Model!$A$15+$N6,$O6)*$P6,0) -> 81 | W6: =MAX(MIN($M6*Model!$A$16+$N6,$O6)*$P6,0) -> 71 | X6: =MAX(MIN($M6*Model!$A$17+$N6,$O6)*$P6,0) -> 58.5 | Y6: =MAX(MIN($M6*Model!$A$18+$N6,$O6)*$P6,0) -> 56 | Z6: =MAX(MIN($M6*Model!$A$19+$N6,$O6)*$P6,0) -> 46 | AA6: =T6*Model!$B$13+U6*Model!$B$14+V6*Model!$B$15+W6*Model!$B$16+X6*Model!$B$17+Y6*Model!$B$18+Z6*Model!$B$19 -> 80.25 | AB6: 0.6 | AC6: 0.3 | AD6: =CONCATENATE("stat(bullet_velocity;",'762x39-ammo'!$AE6,";",'762x39-ammo'!$AF6,";",'762x39-ammo'!$AG6,";",'762x39-ammo'!$AH6,")") -> stat(bullet_velocity;0.05;0.2;1500;3000) | AE6: 0.05 | AF6: 0.2 | AG6: 1500 | AH6: 3000 | AI6: =Model!$B$4+IF(I6="",0,I6) -> 843 | AJ6: =MAX(AE6,MIN(AF6,AE6+(AI6-AG6)*(AF6-AE6)/(AH6-AG6))) -> 0.05 | AK6: 47 | AL6: calibers.csv | AM6: =C6*Model!$B$24+D6*Model!$B$25+E6*Model!$B$26+F6*Model!$B$27+G6*Model!$B$28+H6*Model!$B$29+I6*Model!$B$30+J6*Model!$B$31+L6*Model!$B$32+K6*Model!$B$33 -> 3.6 | AN6: =(AA6-Model!$B$5)*Model!$B$35 -> 4.875 | AO6: =(Model!$B$6-AB6)*Model!$B$36 -> -0.5 | AP6: =(AC6-Model!$B$7)*Model!$B$37 -> -0.6 | AQ6: =(AJ6-Model!$B$8)*Model!$B$38 -> -2 | AR6: =SUM(AM6:AQ6) -> 5.375
A7: 7.62x39_s&b_sv43_123gr_red_tracer | B7: Serrano & Belmonte Sv43 123gr Red Tracer | C7: 2 | D7: 0.01 | E7: -1 | F7: -2 | G7: 0.1 | I7: -75 | K7: 0 | L7: 1000 | M7: -0.054 | N7: 92.5 | O7: 91.5 | P7: 1 | Q7: 0.3 | R7: 0.5 | S7: 2.5 | T7: =MAX(MIN($M7*Model!$A$13+$N7,$O7)*$P7,0) -> 91.15 | U7: =MAX(MIN($M7*Model!$A$14+$N7,$O7)*$P7,0) -> 88.45 | V7: =MAX(MIN($M7*Model!$A$15+$N7,$O7)*$P7,0) -> 84.4 | W7: =MAX(MIN($M7*Model!$A$16+$N7,$O7)*$P7,0) -> 79 | X7: =MAX(MIN($M7*Model!$A$17+$N7,$O7)*$P7,0) -> 72.25 | Y7: =MAX(MIN($M7*Model!$A$18+$N7,$O7)*$P7,0) -> 70.9 | Z7: =MAX(MIN($M7*Model!$A$19+$N7,$O7)*$P7,0) -> 65.5 | AA7: =T7*Model!$B$13+U7*Model!$B$14+V7*Model!$B$15+W7*Model!$B$16+X7*Model!$B$17+Y7*Model!$B$18+Z7*Model!$B$19 -> 83.995 | AB7: 0.5 | AC7: 1.15 | AD7: =CONCATENATE("stat(bullet_velocity;",'762x39-ammo'!$AE7,";",'762x39-ammo'!$AF7,";",'762x39-ammo'!$AG7,";",'762x39-ammo'!$AH7,")") -> stat(bullet_velocity;0.35;0.65;1500;3000) | AE7: 0.35 | AF7: 0.65 | AG7: 1500 | AH7: 3000 | AI7: =Model!$B$4+IF(I7="",0,I7) -> 1768 | AJ7: =MAX(AE7,MIN(AF7,AE7+(AI7-AG7)*(AF7-AE7)/(AH7-AG7))) -> 0.4036 | AK7: 43 | AL7: calibers.csv | AM7: =C7*Model!$B$24+D7*Model!$B$25+E7*Model!$B$26+F7*Model!$B$27+G7*Model!$B$28+H7*Model!$B$29+I7*Model!$B$30+J7*Model!$B$31+L7*Model!$B$32+K7*Model!$B$33 -> 1.425 | AN7: =(AA7-Model!$B$5)*Model!$B$35 -> 10.4925 | AO7: =(Model!$B$6-AB7)*Model!$B$36 -> -0.3 | AP7: =(AC7-Model!$B$7)*Model!$B$37 -> 1.95 | AQ7: =(AJ7-Model!$B$8)*Model!$B$38 -> -0.5856 | AR7: =SUM(AM7:AQ7) -> 12.9819
A8: 7.62x39_kazarov_57n231_ps_gzh_123gr | B8: Kazarov 57-N-231 PS gzh 123gr | C8: 0 | D8: 0 | E8: 0 | F8: 0 | G8: 0 | I8: 0 | K8: 0 | L8: 0 | M8: -0.05 | N8: 92 | O8: 91 | P8: 1 | Q8: 0.3 | R8: 0.5 | S8: 2.5 | T8: =MAX(MIN($M8*Model!$A$13+$N8,$O8)*$P8,0) -> 90.75 | U8: =MAX(MIN($M8*Model!$A$14+$N8,$O8)*$P8,0) -> 88.25 | V8: =MAX(MIN($M8*Model!$A$15+$N8,$O8)*$P8,0) -> 84.5 | W8: =MAX(MIN($M8*Model!$A$16+$N8,$O8)*$P8,0) -> 79.5 | X8: =MAX(MIN($M8*Model!$A$17+$N8,$O8)*$P8,0) -> 73.25 | Y8: =MAX(MIN($M8*Model!$A$18+$N8,$O8)*$P8,0) -> 72 | Z8: =MAX(MIN($M8*Model!$A$19+$N8,$O8)*$P8,0) -> 67 | AA8: =T8*Model!$B$13+U8*Model!$B$14+V8*Model!$B$15+W8*Model!$B$16+X8*Model!$B$17+Y8*Model!$B$18+Z8*Model!$B$19 -> 84.125 | AB8: 0.4 | AC8: 0.6 | AD8: =CONCATENATE("stat(bullet_velocity;",'762x39-ammo'!$AE8,";",'762x39-ammo'!$AF8,";",'762x39-ammo'!$AG8,";",'762x39-ammo'!$AH8,")") -> stat(bullet_velocity;0.4;0.7;1500;3000) | AE8: 0.4 | AF8: 0.7 | AG8: 1500 | AH8: 3000 | AI8: =Model!$B$4+IF(I8="",0,I8) -> 1843 | AJ8: =MAX(AE8,MIN(AF8,AE8+(AI8-AG8)*(AF8-AE8)/(AH8-AG8))) -> 0.4686 | AK8: 42 | AL8: calibers.csv | AM8: =C8*Model!$B$24+D8*Model!$B$25+E8*Model!$B$26+F8*Model!$B$27+G8*Model!$B$28+H8*Model!$B$29+I8*Model!$B$30+J8*Model!$B$31+L8*Model!$B$32+K8*Model!$B$33 -> 0 | AN8: =(AA8-Model!$B$5)*Model!$B$35 -> 10.6875 | AO8: =(Model!$B$6-AB8)*Model!$B$36 -> -0.1 | AP8: =(AC8-Model!$B$7)*Model!$B$37 -> 0.3 | AQ8: =(AJ8-Model!$B$8)*Model!$B$38 -> -0.3256 | AR8: =SUM(AM8:AQ8) -> 10.5619
A9: 7.62x39_laukaa_s405_123gr_fmj | B9: Laukaa S405 123gr FMJ | C9: -1 | D9: 0 | E9: 1 | F9: 3 | G9: -0.15 | I9: -50 | K9: 0 | L9: 4000 | M9: -0.034 | N9: 89 | O9: 88.5 | P9: 1 | Q9: 0.3 | R9: 0.5 | S9: 2.5 | T9: =MAX(MIN($M9*Model!$A$13+$N9,$O9)*$P9,0) -> 88.15 | U9: =MAX(MIN($M9*Model!$A$14+$N9,$O9)*$P9,0) -> 86.45 | V9: =MAX(MIN($M9*Model!$A$15+$N9,$O9)*$P9,0) -> 83.9 | W9: =MAX(MIN($M9*Model!$A$16+$N9,$O9)*$P9,0) -> 80.5 | X9: =MAX(MIN($M9*Model!$A$17+$N9,$O9)*$P9,0) -> 76.25 | Y9: =MAX(MIN($M9*Model!$A$18+$N9,$O9)*$P9,0) -> 75.4 | Z9: =MAX(MIN($M9*Model!$A$19+$N9,$O9)*$P9,0) -> 72 | AA9: =T9*Model!$B$13+U9*Model!$B$14+V9*Model!$B$15+W9*Model!$B$16+X9*Model!$B$17+Y9*Model!$B$18+Z9*Model!$B$19 -> 83.645 | AB9: 0.25 | AC9: 0.65 | AD9: =CONCATENATE("stat(bullet_velocity;",'762x39-ammo'!$AE9,";",'762x39-ammo'!$AF9,";",'762x39-ammo'!$AG9,";",'762x39-ammo'!$AH9,")") -> stat(bullet_velocity;0.4;0.7;1500;3000) | AE9: 0.4 | AF9: 0.7 | AG9: 1500 | AH9: 3000 | AI9: =Model!$B$4+IF(I9="",0,I9) -> 1793 | AJ9: =MAX(AE9,MIN(AF9,AE9+(AI9-AG9)*(AF9-AE9)/(AH9-AG9))) -> 0.4586 | AK9: 48 | AL9: calibers.csv | AM9: =C9*Model!$B$24+D9*Model!$B$25+E9*Model!$B$26+F9*Model!$B$27+G9*Model!$B$28+H9*Model!$B$29+I9*Model!$B$30+J9*Model!$B$31+L9*Model!$B$32+K9*Model!$B$33 -> -0.85 | AN9: =(AA9-Model!$B$5)*Model!$B$35 -> 9.9675 | AO9: =(Model!$B$6-AB9)*Model!$B$36 -> 0.2 | AP9: =(AC9-Model!$B$7)*Model!$B$37 -> 0.45 | AQ9: =(AJ9-Model!$B$8)*Model!$B$38 -> -0.3656 | AR9: =SUM(AM9:AQ9) -> 9.4019
A10: 7.62x39_kazarov_7n27_pp_gzh_122gr | B10: Kazarov 7N27 PP gzh 122gr | C10: 0 | D10: -0.02 | E10: 1 | F10: 2 | G10: -0.05 | I10: 100 | K10: 0 | L10: 3000 | M10: -0.04 | N10: 89.5 | O10: 87 | P10: 1 | Q10: 0.25 | R10: 0.45 | S10: 2.5 | T10: =MAX(MIN($M10*Model!$A$13+$N10,$O10)*$P10,0) -> 87 | U10: =MAX(MIN($M10*Model!$A$14+$N10,$O10)*$P10,0) -> 86.5 | V10: =MAX(MIN($M10*Model!$A$15+$N10,$O10)*$P10,0) -> 83.5 | W10: =MAX(MIN($M10*Model!$A$16+$N10,$O10)*$P10,0) -> 79.5 | X10: =MAX(MIN($M10*Model!$A$17+$N10,$O10)*$P10,0) -> 74.5 | Y10: =MAX(MIN($M10*Model!$A$18+$N10,$O10)*$P10,0) -> 73.5 | Z10: =MAX(MIN($M10*Model!$A$19+$N10,$O10)*$P10,0) -> 69.5 | AA10: =T10*Model!$B$13+U10*Model!$B$14+V10*Model!$B$15+W10*Model!$B$16+X10*Model!$B$17+Y10*Model!$B$18+Z10*Model!$B$19 -> 82.9 | AB10: 0.4 | AC10: 0.65 | AD10: =CONCATENATE("stat(bullet_velocity;",'762x39-ammo'!$AE10,";",'762x39-ammo'!$AF10,";",'762x39-ammo'!$AG10,";",'762x39-ammo'!$AH10,")") -> stat(bullet_velocity;1.05;1.45;1500;3000) | AE10: 1.05 | AF10: 1.45 | AG10: 1500 | AH10: 3000 | AI10: =Model!$B$4+IF(I10="",0,I10) -> 1943 | AJ10: =MAX(AE10,MIN(AF10,AE10+(AI10-AG10)*(AF10-AE10)/(AH10-AG10))) -> 1.1681333 | AK10: 49 | AL10: calibers.csv | AM10: =C10*Model!$B$24+D10*Model!$B$25+E10*Model!$B$26+F10*Model!$B$27+G10*Model!$B$28+H10*Model!$B$29+I10*Model!$B$30+J10*Model!$B$31+L10*Model!$B$32+K10*Model!$B$33 -> -0.1 | AN10: =(AA10-Model!$B$5)*Model!$B$35 -> 8.85 | AO10: =(Model!$B$6-AB10)*Model!$B$36 -> -0.1 | AP10: =(AC10-Model!$B$7)*Model!$B$37 -> 0.45 | AQ10: =(AJ10-Model!$B$8)*Model!$B$38 -> 2.4725333 | AR10: =SUM(AM10:AQ10) -> 11.572533
A11: 7.62x39_kazarov_7n23_bp_gzh_122gr | B11: Kazarov 7N23 BP gzh 122gr | C11: -2 | D11: -0.05 | E11: 2 | F11: 1 | G11: -0.1 | I11: 100 | K11: 0 | L11: 5000 | M11: -0.038 | N11: 88.5 | O11: 86 | P11: 1 | Q11: 0.25 | R11: 0.45 | S11: 2.5 | T11: =MAX(MIN($M11*Model!$A$13+$N11,$O11)*$P11,0) -> 86 | U11: =MAX(MIN($M11*Model!$A$14+$N11,$O11)*$P11,0) -> 85.65 | V11: =MAX(MIN($M11*Model!$A$15+$N11,$O11)*$P11,0) -> 82.8 | W11: =MAX(MIN($M11*Model!$A$16+$N11,$O11)*$P11,0) -> 79 | X11: =MAX(MIN($M11*Model!$A$17+$N11,$O11)*$P11,0) -> 74.25 | Y11: =MAX(MIN($M11*Model!$A$18+$N11,$O11)*$P11,0) -> 73.3 | Z11: =MAX(MIN($M11*Model!$A$19+$N11,$O11)*$P11,0) -> 69.5 | AA11: =T11*Model!$B$13+U11*Model!$B$14+V11*Model!$B$15+W11*Model!$B$16+X11*Model!$B$17+Y11*Model!$B$18+Z11*Model!$B$19 -> 82.205 | AB11: 0.35 | AC11: 0.7 | AD11: =CONCATENATE("stat(bullet_velocity;",'762x39-ammo'!$AE11,";",'762x39-ammo'!$AF11,";",'762x39-ammo'!$AG11,";",'762x39-ammo'!$AH11,")") -> stat(bullet_velocity;1.3;1.7;1500;3000) | AE11: 1.3 | AF11: 1.7 | AG11: 1500 | AH11: 3000 | AI11: =Model!$B$4+IF(I11="",0,I11) -> 1943 | AJ11: =MAX(AE11,MIN(AF11,AE11+(AI11-AG11)*(AF11-AE11)/(AH11-AG11))) -> 1.4181333 | AK11: 50 | AL11: calibers.csv | AM11: =C11*Model!$B$24+D11*Model!$B$25+E11*Model!$B$26+F11*Model!$B$27+G11*Model!$B$28+H11*Model!$B$29+I11*Model!$B$30+J11*Model!$B$31+L11*Model!$B$32+K11*Model!$B$33 -> -0.7 | AN11: =(AA11-Model!$B$5)*Model!$B$35 -> 7.8075 | AO11: =(Model!$B$6-AB11)*Model!$B$36 -> 0 | AP11: =(AC11-Model!$B$7)*Model!$B$37 -> 0.6 | AQ11: =(AJ11-Model!$B$8)*Model!$B$38 -> 3.4725333 | AR11: =SUM(AM11:AQ11) -> 11.180033

Sheet Model
A1: 7.62x39 ammo scoring model
A3: Assumption | B3: Value | C3: Purpose
A4: AKM Base Velocity | B4: 1843 | C4: studs/s; add bullet_velocity modifier
A5: Damage reference | B5: 77 | C5: weighted damage scores above/below this
A6: Velocity-drop reference | B6: 0.35 | C6: lower is better
A7: Suppression reference | B7: 0.5 | C7: higher is better
A8: Penetration reference | B8: 0.55 | C8: higher is better
A10: Damage distance weights
A12: Distance (studs) | B12: Weight | C12: Rationale
A13: 25 | B13: 0.2 | C13: close
A14: 75 | B14: 0.2 | C14: close
A15: 150 | B15: 0.25 | C15: common
A16: 250 | B16: 0.25 | C16: medium
A17: 375 | B17: 0.1 | C17: long
A18: 400 | B18: 0 | C18: very long
A19: 500 | B19: 0 | C19: upper edge
A20: Weight check | B20: =SUM(B13:B19) -> 1
A22: balancing.csv stat weights
A23: Stat | B23: Weight | C23: Interpretation
A24: ergonomics | B24: 1 | C24: higher is better
A25: weight | B25: -20 | C25: lower is better
A26: horizontal_recoil | B26: -0.8 | C26: lower is better
A27: vertical_recoil | B27: -0.6 | C27: lower is better
A28: barrel_deviation | B28: -20 | C28: lower is better
A29: bullet_damage | B29: 10 | C29: fractional modifier
A30: bullet_velocity | B30: 0.005 | C30: =CONCAT("1 point per +", 1/B30) -> 1 point per +200
A31: fire_rate | B31: 10 | C31: fractional modifier
A32: price | B32: 0 | C32: excluded from performance strength
A33: muzzle loudness | B33: -10 | C33: fractional modifier, lower = better
A34: Ammo-specific metric weights
A35: weighted_damage | B35: 1.5 | C35: points per damage above reference
A36: velocity_drop | B36: 2 | C36: small effect; lower is better
A37: suppression | B37: 3 | C37: moderate effect; higher is better
A38: penetration | B38: 4 | C38: moderate effect; higher is better

Sheet chromedome
A1: 7.62x39mm Tula 57-N-231 123gr FMJ | D1: Steel Case Ball Ammo, Steel Core
A13: Red Army Standard - 7.62×39 - 122 Grain - HP | E13: Bad piercing and accuracy, good CQC dmg. Slightly better than subsonic at cqc 1 taps, maybe maximum 50st. Also steel case
K17: < HOLE !
A26: 7.62×39 Sellior & Bellot Sv43 123gr Red Tracer | E26: Copy stats of Tula Steel Case and tweak
A27: despite being a green tip... it's red tracer
A39: 7.62×39 PPU Rifle Line 123gr JSP | E39: Exposed nose, better performance, flesh dmg | I39: brass case horray
A52: 7N27 Armor piercing | E52: AP | F52: steel case
A65: 7N23 Armor piercing | E65: AP but more | G65: hardened steel core | I65: steel case
A78: 7.62x39mm 123gr. Controlled Chaos® Solid Monolithic Hunting Ammo | G78: FMJ accuracy | I78: nickel plated brass case
A91: Hornady 255gr Sub-X (Subsonic) | D91: Quiet, good with suppressors, low recoil | H91: brass caseeeeee
