Workbook

Sheet 545-ammo
A1: balancing.csv inputs | M1: calibers.csv damage inputs | T1: calculated torso damage by range | AB1: calibers.csv traits & penetration inputs | AI1: penetration model | AK1: source audit | AM1: weighted score
A2: name | B2: pretty_name | C2: ergonomics | D2: weight | E2: horizontal_recoil | F2: vertical_recoil | G2: barrel_deviation | H2: bullet_damage | I2: bullet_velocity | J2: fire_rate | K2: muzzle_loudness | L2: price | M2: damage_torso_a | N2: damage_torso_b | O2: damage_torso_c | P2: damage_torso_d | Q2: damage_arm_d | R2: damage_leg_d | S2: damage_head_d | T2: damage_25 | U2: damage_75 | V2: damage_150 | W2: damage_250 | X2: damage_375 | Y2: damage_400 | Z2: damage_500 | AA2: weighted_damage | AB2: velocity_drop | AC2: suppression | AD2: bullet_penetration_ability | AE2: pen_low | AF2: pen_high | AG2: pen_velocity_low | AH2: pen_velocity_high | AI2: effective_velocity | AJ2: penetration | AK2: calibers_row | AL2: source_file | AM2: balance_score | AN2: damage_score | AO2: velocity_drop_score | AP2: suppression_score | AQ2: penetration_score | AR2: strength
A3: 9x19_roosevelt_umc_115gr_fmj | B3: Roosevelt UMC 115gr FMJ | C3: 0 | D3: 0 | E3: 0 | F3: 0 | G3: 0 | I3: 0.02 | L3: 0 | M3: -0.07 | N3: 39 | O3: 38.5 | P3: 1 | Q3: 0.3 | R3: 0.5 | S3: 3 | T3: =MAX(MIN($M3*Model!$A$13+$N3,$O3)*$P3,0) -> 37.25 | U3: =MAX(MIN($M3*Model!$A$14+$N3,$O3)*$P3,0) -> 33.75 | V3: =MAX(MIN($M3*Model!$A$15+$N3,$O3)*$P3,0) -> 28.5 | W3: =MAX(MIN($M3*Model!$A$16+$N3,$O3)*$P3,0) -> 21.5 | X3: =MAX(MIN($M3*Model!$A$17+$N3,$O3)*$P3,0) -> 38.5 | Y3: =MAX(MIN($M3*Model!$A$18+$N3,$O3)*$P3,0) -> 38.5 | Z3: =MAX(MIN($M3*Model!$A$19+$N3,$O3)*$P3,0) -> 38.5 | AA3: =T3*Model!$B$13+U3*Model!$B$14+V3*Model!$B$15+W3*Model!$B$16+X3*Model!$B$17+Y3*Model!$B$18+Z3*Model!$B$19 -> 31.65 | AB3: 0.6 | AC3: 0.4 | AD3: =CONCATENATE("stat(bullet_velocity;",'545-ammo'!$AE3,";",'545-ammo'!$AF3,";",'545-ammo'!$AG3,";",'545-ammo'!$AH3,")") -> stat(bullet_velocity;0;0.4;500;2000) | AE3: 0 | AF3: 0.4 | AG3: 500 | AH3: 2000 | AI3: =Model!$B$4+IF(I3="",0,I3) -> 1139.02 | AJ3: =MAX(AE3,MIN(AF3,AE3+(AI3-AG3)*(AF3-AE3)/(AH3-AG3))) -> 0.17040533 | AK3: 59 | AL3: calibers.csv | AM3: =C3*Model!$B$24+D3*Model!$B$25+E3*Model!$B$26+F3*Model!$B$27+G3*Model!$B$28+H3*Model!$B$29+I3*Model!$B$30+J3*Model!$B$31+K3*Model!$B$32+L3*Model!$B$33 -> 0.0001 | AN3: =(AA3-Model!$B$5)*Model!$B$36 -> -2.52 | AO3: =(Model!$B$6-AB3)*Model!$B$37 -> 0 | AP3: =(AC3-Model!$B$7)*Model!$B$38 -> 0 | AQ3: =(AJ3-Model!$B$8)*Model!$B$39 -> 0.081621333 | AR3: =SUM(AM3:AQ3) -> -2.4382787
A4: 9x19_pulsar_119gr_green_tracer | B4: Pulsar 119gr Green Tracer | C4: 2 | D4: 0.01 | E4: -1 | F4: -1 | G4: 0.1 | I4: 0 | L4: 500 | M4: -0.074 | N4: 39 | O4: 38.5 | P4: 1 | Q4: 0.3 | R4: 0.5 | S4: 3 | T4: =MAX(MIN($M4*Model!$A$13+$N4,$O4)*$P4,0) -> 37.15 | U4: =MAX(MIN($M4*Model!$A$14+$N4,$O4)*$P4,0) -> 33.45 | V4: =MAX(MIN($M4*Model!$A$15+$N4,$O4)*$P4,0) -> 27.9 | W4: =MAX(MIN($M4*Model!$A$16+$N4,$O4)*$P4,0) -> 20.5 | X4: =MAX(MIN($M4*Model!$A$17+$N4,$O4)*$P4,0) -> 38.5 | Y4: =MAX(MIN($M4*Model!$A$18+$N4,$O4)*$P4,0) -> 38.5 | Z4: =MAX(MIN($M4*Model!$A$19+$N4,$O4)*$P4,0) -> 38.5 | AA4: =T4*Model!$B$13+U4*Model!$B$14+V4*Model!$B$15+W4*Model!$B$16+X4*Model!$B$17+Y4*Model!$B$18+Z4*Model!$B$19 -> 31.23 | AB4: 0.65 | AC4: 0.6 | AD4: =CONCATENATE("stat(bullet_velocity;",'545-ammo'!$AE4,";",'545-ammo'!$AF4,";",'545-ammo'!$AG4,";",'545-ammo'!$AH4,")") -> stat(bullet_velocity;0;0.3;500;2000) | AE4: 0 | AF4: 0.3 | AG4: 500 | AH4: 2000 | AI4: =Model!$B$4+IF(I4="",0,I4) -> 1139 | AJ4: =MAX(AE4,MIN(AF4,AE4+(AI4-AG4)*(AF4-AE4)/(AH4-AG4))) -> 0.1278 | AK4: 65 | AL4: calibers.csv | AM4: =C4*Model!$B$24+D4*Model!$B$25+E4*Model!$B$26+F4*Model!$B$27+G4*Model!$B$28+H4*Model!$B$29+I4*Model!$B$30+J4*Model!$B$31+K4*Model!$B$32+L4*Model!$B$33 -> 2.2 | AN4: =(AA4-Model!$B$5)*Model!$B$36 -> -3.15 | AO4: =(Model!$B$6-AB4)*Model!$B$37 -> -0.1 | AP4: =(AC4-Model!$B$7)*Model!$B$38 -> 0.6 | AQ4: =(AJ4-Model!$B$8)*Model!$B$39 -> -0.0888 | AR4: =SUM(AM4:AQ4) -> -0.5388
A5: 9x19_btv_scorpio_nato_115gr_fmj | B5: BVT Scorpio NATO 115gr FMJ +P | C5: -1 | D5: 0 | E5: 1 | F5: 1 | G5: -0.1 | I5: 100 | L5: 1000 | M5: -0.066 | N5: 39.5 | O5: 38.5 | P5: 1 | Q5: 0.3 | R5: 0.5 | S5: 3 | T5: =MAX(MIN($M5*Model!$A$13+$N5,$O5)*$P5,0) -> 37.85 | U5: =MAX(MIN($M5*Model!$A$14+$N5,$O5)*$P5,0) -> 34.55 | V5: =MAX(MIN($M5*Model!$A$15+$N5,$O5)*$P5,0) -> 29.6 | W5: =MAX(MIN($M5*Model!$A$16+$N5,$O5)*$P5,0) -> 23 | X5: =MAX(MIN($M5*Model!$A$17+$N5,$O5)*$P5,0) -> 38.5 | Y5: =MAX(MIN($M5*Model!$A$18+$N5,$O5)*$P5,0) -> 38.5 | Z5: =MAX(MIN($M5*Model!$A$19+$N5,$O5)*$P5,0) -> 38.5 | AA5: =T5*Model!$B$13+U5*Model!$B$14+V5*Model!$B$15+W5*Model!$B$16+X5*Model!$B$17+Y5*Model!$B$18+Z5*Model!$B$19 -> 32.57 | AB5: 0.6 | AC5: 0.45 | AD5: =CONCATENATE("stat(bullet_velocity;",'545-ammo'!$AE5,";",'545-ammo'!$AF5,";",'545-ammo'!$AG5,";",'545-ammo'!$AH5,")") -> stat(bullet_velocity;0;0.4;500;2000) | AE5: 0 | AF5: 0.4 | AG5: 500 | AH5: 2000 | AI5: =Model!$B$4+IF(I5="",0,I5) -> 1239 | AJ5: =MAX(AE5,MIN(AF5,AE5+(AI5-AG5)*(AF5-AE5)/(AH5-AG5))) -> 0.19706667 | AK5: 69 | AL5: calibers.csv | AM5: =C5*Model!$B$24+D5*Model!$B$25+E5*Model!$B$26+F5*Model!$B$27+G5*Model!$B$28+H5*Model!$B$29+I5*Model!$B$30+J5*Model!$B$31+K5*Model!$B$32+L5*Model!$B$33 -> -0.9 | AN5: =(AA5-Model!$B$5)*Model!$B$36 -> -1.14 | AO5: =(Model!$B$6-AB5)*Model!$B$37 -> 0 | AP5: =(AC5-Model!$B$7)*Model!$B$38 -> 0.15 | AQ5: =(AJ5-Model!$B$8)*Model!$B$39 -> 0.18826667 | AR5: =SUM(AM5:AQ5) -> -1.7017333
A6: 9x19_appalachian_m882_124gr_fmj | B6: Appalachian M882 124gr FMJ +P | C6: 0 | D6: 0.02 | E6: 2 | F6: 1 | G6: -0.05 | I6: 50 | L6: 1250 | M6: -0.074 | N6: 41 | O6: 39.5 | P6: 1 | Q6: 0.3 | R6: 0.5 | S6: 3 | T6: =MAX(MIN($M6*Model!$A$13+$N6,$O6)*$P6,0) -> 39.15 | U6: =MAX(MIN($M6*Model!$A$14+$N6,$O6)*$P6,0) -> 35.45 | V6: =MAX(MIN($M6*Model!$A$15+$N6,$O6)*$P6,0) -> 29.9 | W6: =MAX(MIN($M6*Model!$A$16+$N6,$O6)*$P6,0) -> 22.5 | X6: =MAX(MIN($M6*Model!$A$17+$N6,$O6)*$P6,0) -> 39.5 | Y6: =MAX(MIN($M6*Model!$A$18+$N6,$O6)*$P6,0) -> 39.5 | Z6: =MAX(MIN($M6*Model!$A$19+$N6,$O6)*$P6,0) -> 39.5 | AA6: =T6*Model!$B$13+U6*Model!$B$14+V6*Model!$B$15+W6*Model!$B$16+X6*Model!$B$17+Y6*Model!$B$18+Z6*Model!$B$19 -> 33.23 | AB6: 0.5 | AC6: 0.45 | AD6: =CONCATENATE("stat(bullet_velocity;",'545-ammo'!$AE6,";",'545-ammo'!$AF6,";",'545-ammo'!$AG6,";",'545-ammo'!$AH6,")") -> stat(bullet_velocity;0;0.5;500;2000) | AE6: 0 | AF6: 0.5 | AG6: 500 | AH6: 2000 | AI6: =Model!$B$4+IF(I6="",0,I6) -> 1189 | AJ6: =MAX(AE6,MIN(AF6,AE6+(AI6-AG6)*(AF6-AE6)/(AH6-AG6))) -> 0.22966667 | AK6: 62 | AL6: calibers.csv | AM6: =C6*Model!$B$24+D6*Model!$B$25+E6*Model!$B$26+F6*Model!$B$27+G6*Model!$B$28+H6*Model!$B$29+I6*Model!$B$30+J6*Model!$B$31+K6*Model!$B$32+L6*Model!$B$33 -> -1.85 | AN6: =(AA6-Model!$B$5)*Model!$B$36 -> -0.15 | AO6: =(Model!$B$6-AB6)*Model!$B$37 -> 0.2 | AP6: =(AC6-Model!$B$7)*Model!$B$38 -> 0.15 | AQ6: =(AJ6-Model!$B$8)*Model!$B$39 -> 0.31866667 | AR6: =SUM(AM6:AQ6) -> -1.3313333
A7: 9x19_appalachian_m1152_115gr_fmjfn | B7: Appalachian M1152 115gr FMJ-FN +P+ | C7: -2 | D7: 0 | E7: 3 | F7: 2 | G7: -0.2 | I7: 200 | L7: 3000 | M7: -0.064 | N7: 41 | O7: 40 | P7: 1 | Q7: 0.3 | R7: 0.5 | S7: 3 | T7: =MAX(MIN($M7*Model!$A$13+$N7,$O7)*$P7,0) -> 39.4 | U7: =MAX(MIN($M7*Model!$A$14+$N7,$O7)*$P7,0) -> 36.2 | V7: =MAX(MIN($M7*Model!$A$15+$N7,$O7)*$P7,0) -> 31.4 | W7: =MAX(MIN($M7*Model!$A$16+$N7,$O7)*$P7,0) -> 25 | X7: =MAX(MIN($M7*Model!$A$17+$N7,$O7)*$P7,0) -> 40 | Y7: =MAX(MIN($M7*Model!$A$18+$N7,$O7)*$P7,0) -> 40 | Z7: =MAX(MIN($M7*Model!$A$19+$N7,$O7)*$P7,0) -> 40 | AA7: =T7*Model!$B$13+U7*Model!$B$14+V7*Model!$B$15+W7*Model!$B$16+X7*Model!$B$17+Y7*Model!$B$18+Z7*Model!$B$19 -> 34.28 | AB7: 0.7 | AC7: 0.5 | AD7: =CONCATENATE("stat(bullet_velocity;",'545-ammo'!$AE7,";",'545-ammo'!$AF7,";",'545-ammo'!$AG7,";",'545-ammo'!$AH7,")") -> stat(bullet_velocity;0.05;0.55;500;2000) | AE7: 0.05 | AF7: 0.55 | AG7: 500 | AH7: 2000 | AI7: =Model!$B$4+IF(I7="",0,I7) -> 1339 | AJ7: =MAX(AE7,MIN(AF7,AE7+(AI7-AG7)*(AF7-AE7)/(AH7-AG7))) -> 0.32966667 | AK7: 63 | AL7: calibers.csv | AM7: =C7*Model!$B$24+D7*Model!$B$25+E7*Model!$B$26+F7*Model!$B$27+G7*Model!$B$28+H7*Model!$B$29+I7*Model!$B$30+J7*Model!$B$31+K7*Model!$B$32+L7*Model!$B$33 -> -2.6 | AN7: =(AA7-Model!$B$5)*Model!$B$36 -> 1.425 | AO7: =(Model!$B$6-AB7)*Model!$B$37 -> -0.2 | AP7: =(AC7-Model!$B$7)*Model!$B$38 -> 0.3 | AQ7: =(AJ7-Model!$B$8)*Model!$B$39 -> 0.71866667 | AR7: =SUM(AM7:AQ7) -> -0.35633333
A8: 9x19_appalachian_xm1153_147gr_jhp | B8: Appalachian XM1153 147gr JHP | C8: -1 | D8: 0.08 | E8: 2 | F8: 3 | G8: -0.1 | I8: -100 | K8: -0.2 | L8: 3500 | M8: -0.084 | N8: 43 | O8: 43 | P8: 1 | Q8: 0.4 | R8: 0.6 | S8: 3 | T8: =MAX(MIN($M8*Model!$A$13+$N8,$O8)*$P8,0) -> 40.9 | U8: =MAX(MIN($M8*Model!$A$14+$N8,$O8)*$P8,0) -> 36.7 | V8: =MAX(MIN($M8*Model!$A$15+$N8,$O8)*$P8,0) -> 30.4 | W8: =MAX(MIN($M8*Model!$A$16+$N8,$O8)*$P8,0) -> 22 | X8: =MAX(MIN($M8*Model!$A$17+$N8,$O8)*$P8,0) -> 43 | Y8: =MAX(MIN($M8*Model!$A$18+$N8,$O8)*$P8,0) -> 43 | Z8: =MAX(MIN($M8*Model!$A$19+$N8,$O8)*$P8,0) -> 43 | AA8: =T8*Model!$B$13+U8*Model!$B$14+V8*Model!$B$15+W8*Model!$B$16+X8*Model!$B$17+Y8*Model!$B$18+Z8*Model!$B$19 -> 34.18 | AB8: 0.55 | AC8: 0.2 | AD8: =CONCATENATE("stat(bullet_velocity;",'545-ammo'!$AE8,";",'545-ammo'!$AF8,";",'545-ammo'!$AG8,";",'545-ammo'!$AH8,")") -> stat(bullet_velocity;0;0.25;500;2000) | AE8: 0 | AF8: 0.25 | AG8: 500 | AH8: 2000 | AI8: =Model!$B$4+IF(I8="",0,I8) -> 1039 | AJ8: =MAX(AE8,MIN(AF8,AE8+(AI8-AG8)*(AF8-AE8)/(AH8-AG8))) -> 0.089833333 | AK8: 61 | AL8: calibers.csv | AM8: =C8*Model!$B$24+D8*Model!$B$25+E8*Model!$B$26+F8*Model!$B$27+G8*Model!$B$28+H8*Model!$B$29+I8*Model!$B$30+J8*Model!$B$31+K8*Model!$B$32+L8*Model!$B$33 -> -4.5 | AN8: =(AA8-Model!$B$5)*Model!$B$36 -> 1.275 | AO8: =(Model!$B$6-AB8)*Model!$B$37 -> 0.1 | AP8: =(AC8-Model!$B$7)*Model!$B$38 -> -0.6 | AQ8: =(AJ8-Model!$B$8)*Model!$B$39 -> -0.24066667 | AR8: =SUM(AM8:AQ8) -> -3.9656667
A9: 9x19_appalachian_mk254_mod0_90gr_frangible | B9: Appalachian Mk.254 Mod0 90gr Frangible | C9: 0 | D9: -0.06 | E9: -3 | F9: -2 | G9: 0 | I9: 100 | L9: 750 | M9: -0.078 | N9: 38.5 | O9: 43 | P9: 1 | Q9: 0.3 | R9: 0.5 | S9: 3 | T9: =MAX(MIN($M9*Model!$A$13+$N9,$O9)*$P9,0) -> 36.55 | U9: =MAX(MIN($M9*Model!$A$14+$N9,$O9)*$P9,0) -> 32.65 | V9: =MAX(MIN($M9*Model!$A$15+$N9,$O9)*$P9,0) -> 26.8 | W9: =MAX(MIN($M9*Model!$A$16+$N9,$O9)*$P9,0) -> 19 | X9: =MAX(MIN($M9*Model!$A$17+$N9,$O9)*$P9,0) -> 38.5 | Y9: =MAX(MIN($M9*Model!$A$18+$N9,$O9)*$P9,0) -> 38.5 | Z9: =MAX(MIN($M9*Model!$A$19+$N9,$O9)*$P9,0) -> 38.5 | AA9: =T9*Model!$B$13+U9*Model!$B$14+V9*Model!$B$15+W9*Model!$B$16+X9*Model!$B$17+Y9*Model!$B$18+Z9*Model!$B$19 -> 30.31 | AB9: 0.7 | AC9: 0.35 | AD9: =CONCATENATE("stat(bullet_velocity;",'545-ammo'!$AE9,";",'545-ammo'!$AF9,";",'545-ammo'!$AG9,";",'545-ammo'!$AH9,")") -> stat(bullet_velocity;0;0.05;500;2000) | AE9: 0 | AF9: 0.05 | AG9: 500 | AH9: 2000 | AI9: =Model!$B$4+IF(I9="",0,I9) -> 1239 | AJ9: =MAX(AE9,MIN(AF9,AE9+(AI9-AG9)*(AF9-AE9)/(AH9-AG9))) -> 0.024633333 | AK9: 60 | AL9: calibers.csv | AM9: =C9*Model!$B$24+D9*Model!$B$25+E9*Model!$B$26+F9*Model!$B$27+G9*Model!$B$28+H9*Model!$B$29+I9*Model!$B$30+J9*Model!$B$31+K9*Model!$B$32+L9*Model!$B$33 -> 5.3 | AN9: =(AA9-Model!$B$5)*Model!$B$36 -> -4.53 | AO9: =(Model!$B$6-AB9)*Model!$B$37 -> -0.2 | AP9: =(AC9-Model!$B$7)*Model!$B$38 -> -0.15 | AQ9: =(AJ9-Model!$B$8)*Model!$B$39 -> -0.50146667 | AR9: =SUM(AM9:AQ9) -> -0.081466667
A10: 9x19_zfm_luger_154gr_fmjfp_subsonic | B10: ZFM Luger 154gr FMJ-FP Subsonic | C10: 3 | D10: 0.1 | E10: 0 | F10: 0 | G10: 0.05 | I10: -250 | K10: -0.7 | L10: 2750 | M10: -0.108 | N10: 42.5 | O10: 43 | P10: 1 | Q10: 0.3 | R10: 0.5 | S10: 3 | T10: =MAX(MIN($M10*Model!$A$13+$N10,$O10)*$P10,0) -> 39.8 | U10: =MAX(MIN($M10*Model!$A$14+$N10,$O10)*$P10,0) -> 34.4 | V10: =MAX(MIN($M10*Model!$A$15+$N10,$O10)*$P10,0) -> 26.3 | W10: =MAX(MIN($M10*Model!$A$16+$N10,$O10)*$P10,0) -> 15.5 | X10: =MAX(MIN($M10*Model!$A$17+$N10,$O10)*$P10,0) -> 42.5 | Y10: =MAX(MIN($M10*Model!$A$18+$N10,$O10)*$P10,0) -> 42.5 | Z10: =MAX(MIN($M10*Model!$A$19+$N10,$O10)*$P10,0) -> 42.5 | AA10: =T10*Model!$B$13+U10*Model!$B$14+V10*Model!$B$15+W10*Model!$B$16+X10*Model!$B$17+Y10*Model!$B$18+Z10*Model!$B$19 -> 31.16 | AB10: 0.6 | AC10: 0.1 | AD10: =CONCATENATE("stat(bullet_velocity;",'545-ammo'!$AE10,";",'545-ammo'!$AF10,";",'545-ammo'!$AG10,";",'545-ammo'!$AH10,")") -> stat(bullet_velocity;0;0.5;500;2000) | AE10: 0 | AF10: 0.5 | AG10: 500 | AH10: 2000 | AI10: =Model!$B$4+IF(I10="",0,I10) -> 889 | AJ10: =MAX(AE10,MIN(AF10,AE10+(AI10-AG10)*(AF10-AE10)/(AH10-AG10))) -> 0.12966667 | AK10: 64 | AL10: calibers.csv | AM10: =C10*Model!$B$24+D10*Model!$B$25+E10*Model!$B$26+F10*Model!$B$27+G10*Model!$B$28+H10*Model!$B$29+I10*Model!$B$30+J10*Model!$B$31+K10*Model!$B$32+L10*Model!$B$33 -> 2.75 | AN10: =(AA10-Model!$B$5)*Model!$B$36 -> -3.255 | AO10: =(Model!$B$6-AB10)*Model!$B$37 -> 0 | AP10: =(AC10-Model!$B$7)*Model!$B$38 -> -0.9 | AQ10: =(AJ10-Model!$B$8)*Model!$B$39 -> -0.081333333 | AR10: =SUM(AM10:AQ10) -> -1.4863333
A11: 9x19_s2_research_9mm_rip_92gr_fhp | B11: S2 Research RIP 92gr FHP | C11: 1 | D11: -0.06 | E11: 0 | F11: -2 | G11: 0.05 | I11: 100 | L11: 1500 | M11: -0.088 | N11: 41 | O11: 42 | P11: 1 | Q11: 0.45 | R11: 0.65 | S11: 3 | T11: =MAX(MIN($M11*Model!$A$13+$N11,$O11)*$P11,0) -> 38.8 | U11: =MAX(MIN($M11*Model!$A$14+$N11,$O11)*$P11,0) -> 34.4 | V11: =MAX(MIN($M11*Model!$A$15+$N11,$O11)*$P11,0) -> 27.8 | W11: =MAX(MIN($M11*Model!$A$16+$N11,$O11)*$P11,0) -> 19 | X11: =MAX(MIN($M11*Model!$A$17+$N11,$O11)*$P11,0) -> 41 | Y11: =MAX(MIN($M11*Model!$A$18+$N11,$O11)*$P11,0) -> 41 | Z11: =MAX(MIN($M11*Model!$A$19+$N11,$O11)*$P11,0) -> 41 | AA11: =T11*Model!$B$13+U11*Model!$B$14+V11*Model!$B$15+W11*Model!$B$16+X11*Model!$B$17+Y11*Model!$B$18+Z11*Model!$B$19 -> 31.76 | AB11: 0.75 | AC11: 0.35 | AD11: =CONCATENATE("stat(bullet_velocity;",'545-ammo'!$AE11,";",'545-ammo'!$AF11,";",'545-ammo'!$AG11,";",'545-ammo'!$AH11,")") -> stat(bullet_velocity;0;0.15;500;2000) | AE11: 0 | AF11: 0.15 | AG11: 500 | AH11: 2000 | AI11: =Model!$B$4+IF(I11="",0,I11) -> 1239 | AJ11: =MAX(AE11,MIN(AF11,AE11+(AI11-AG11)*(AF11-AE11)/(AH11-AG11))) -> 0.0739 | AK11: 67 | AL11: calibers.csv | AM11: =C11*Model!$B$24+D11*Model!$B$25+E11*Model!$B$26+F11*Model!$B$27+G11*Model!$B$28+H11*Model!$B$29+I11*Model!$B$30+J11*Model!$B$31+K11*Model!$B$32+L11*Model!$B$33 -> 3.4 | AN11: =(AA11-Model!$B$5)*Model!$B$36 -> -2.355 | AO11: =(Model!$B$6-AB11)*Model!$B$37 -> -0.3 | AP11: =(AC11-Model!$B$7)*Model!$B$38 -> -0.15 | AQ11: =(AJ11-Model!$B$8)*Model!$B$39 -> -0.3044 | AR11: =SUM(AM11:AQ11) -> 0.2906
A12: 9x19_novosibirsk_7n21_80gr_pst | B12: Novosibirsk 7N21 80gr PST | C12: -1 | D12: -0.09 | E12: -1 | F12: -1 | G12: -0.1 | I12: 300 | L12: 2000 | M12: -0.062 | N12: 37 | O12: 36.5 | P12: 1 | Q12: 0.3 | R12: 0.5 | S12: 3 | T12: =MAX(MIN($M12*Model!$A$13+$N12,$O12)*$P12,0) -> 35.45 | U12: =MAX(MIN($M12*Model!$A$14+$N12,$O12)*$P12,0) -> 32.35 | V12: =MAX(MIN($M12*Model!$A$15+$N12,$O12)*$P12,0) -> 27.7 | W12: =MAX(MIN($M12*Model!$A$16+$N12,$O12)*$P12,0) -> 21.5 | X12: =MAX(MIN($M12*Model!$A$17+$N12,$O12)*$P12,0) -> 36.5 | Y12: =MAX(MIN($M12*Model!$A$18+$N12,$O12)*$P12,0) -> 36.5 | Z12: =MAX(MIN($M12*Model!$A$19+$N12,$O12)*$P12,0) -> 36.5 | AA12: =T12*Model!$B$13+U12*Model!$B$14+V12*Model!$B$15+W12*Model!$B$16+X12*Model!$B$17+Y12*Model!$B$18+Z12*Model!$B$19 -> 30.49 | AB12: 0.65 | AC12: 0.3 | AD12: =CONCATENATE("stat(bullet_velocity;",'545-ammo'!$AE12,";",'545-ammo'!$AF12,";",'545-ammo'!$AG12,";",'545-ammo'!$AH12,")") -> stat(bullet_velocity;0.1;0.6;500;2000) | AE12: 0.1 | AF12: 0.6 | AG12: 500 | AH12: 2000 | AI12: =Model!$B$4+IF(I12="",0,I12) -> 1439 | AJ12: =MAX(AE12,MIN(AF12,AE12+(AI12-AG12)*(AF12-AE12)/(AH12-AG12))) -> 0.413 | AK12: 66 | AL12: calibers.csv | AM12: =C12*Model!$B$24+D12*Model!$B$25+E12*Model!$B$26+F12*Model!$B$27+G12*Model!$B$28+H12*Model!$B$29+I12*Model!$B$30+J12*Model!$B$31+K12*Model!$B$32+L12*Model!$B$33 -> 4.7 | AN12: =(AA12-Model!$B$5)*Model!$B$36 -> -4.26 | AO12: =(Model!$B$6-AB12)*Model!$B$37 -> -0.1 | AP12: =(AC12-Model!$B$7)*Model!$B$38 -> -0.3 | AQ12: =(AJ12-Model!$B$8)*Model!$B$39 -> 1.052 | AR12: =SUM(AM12:AQ12) -> 1.092
A13: 9x19_kazarov_7n31_pbp_gzh_64gr | B13: Kazarov 7N31 PBP gzh 64gr +P+ | C13: -2 | D13: -0.12 | E13: -1 | F13: 0 | G13: -0.15 | I13: 500 | L13: 2500 | M13: -0.058 | N13: 36.5 | O13: 35.5 | P13: 1 | Q13: 0.25 | R13: 0.45 | S13: 3 | T13: =MAX(MIN($M13*Model!$A$13+$N13,$O13)*$P13,0) -> 35.05 | U13: =MAX(MIN($M13*Model!$A$14+$N13,$O13)*$P13,0) -> 32.15 | V13: =MAX(MIN($M13*Model!$A$15+$N13,$O13)*$P13,0) -> 27.8 | W13: =MAX(MIN($M13*Model!$A$16+$N13,$O13)*$P13,0) -> 22 | X13: =MAX(MIN($M13*Model!$A$17+$N13,$O13)*$P13,0) -> 35.5 | Y13: =MAX(MIN($M13*Model!$A$18+$N13,$O13)*$P13,0) -> 35.5 | Z13: =MAX(MIN($M13*Model!$A$19+$N13,$O13)*$P13,0) -> 35.5 | AA13: =T13*Model!$B$13+U13*Model!$B$14+V13*Model!$B$15+W13*Model!$B$16+X13*Model!$B$17+Y13*Model!$B$18+Z13*Model!$B$19 -> 30.41 | AB13: 0.7 | AC13: 0.3 | AD13: =CONCATENATE("stat(bullet_velocity;",'545-ammo'!$AE13,";",'545-ammo'!$AF13,";",'545-ammo'!$AG13,";",'545-ammo'!$AH13,")") -> stat(bullet_velocity;0.15;0.65;500;2000) | AE13: 0.15 | AF13: 0.65 | AG13: 500 | AH13: 2000 | AI13: =Model!$B$4+IF(I13="",0,I13) -> 1639 | AJ13: =MAX(AE13,MIN(AF13,AE13+(AI13-AG13)*(AF13-AE13)/(AH13-AG13))) -> 0.52966667 | AK13: 68 | AL13: calibers.csv | AM13: =C13*Model!$B$24+D13*Model!$B$25+E13*Model!$B$26+F13*Model!$B$27+G13*Model!$B$28+H13*Model!$B$29+I13*Model!$B$30+J13*Model!$B$31+K13*Model!$B$32+L13*Model!$B$33 -> 5.2 | AN13: =(AA13-Model!$B$5)*Model!$B$36 -> -4.38 | AO13: =(Model!$B$6-AB13)*Model!$B$37 -> -0.2 | AP13: =(AC13-Model!$B$7)*Model!$B$38 -> -0.3 | AQ13: =(AJ13-Model!$B$8)*Model!$B$39 -> 1.5186667 | AR13: =SUM(AM13:AQ13) -> 1.8386667

Sheet Model
A1: 9x19 ammo scoring model
A3: Assumption | B3: Value | C3: Purpose
A4: glock base | B4: 1139 | C4: studs/s; add bullet_velocity modifier
A5: Damage reference | B5: 33.33 | C5: weighted damage scores above/below this
A6: Velocity-drop reference | B6: 0.6 | C6: lower is better
A7: Suppression reference | B7: 0.4 | C7: higher is better
A8: Penetration reference | B8: 0.15 | C8: higher is better
A10: Damage distance weights
A12: Distance (studs) | B12: Weight | C12: Rationale
A13: 25 | B13: 0.3 | C13: close
A14: 75 | B14: 0.3 | C14: close
A15: 150 | B15: 0.25 | C15: common
A16: 250 | B16: 0.15 | C16: medium
A17: 0 | B17: 0 | C17: long
A18: 0 | B18: 0 | C18: very long
A19: 0 | B19: 0 | C19: upper edge
A20: Weight check | B20: =SUM(B13:B19) -> 1
A22: balancing.csv stat weights
A23: Stat | B23: Weight | C23: Interpretation
A24: ergonomics | B24: 1 | C24: higher is better
A25: weight | B25: -20 | C25: lower is better
A26: horizontal_recoil | B26: -0.8 | C26: lower is better
A27: vertical_recoil | B27: -0.6 | C27: lower is better
A28: barrel_deviation | B28: -10 | C28: lower is better
A29: bullet_damage | B29: 10 | C29: fractional modifier
A30: bullet_velocity | B30: 0.005 | C30: =CONCAT("1 point per +", 1/B30, " vel") -> #N/A
A31: fire_rate | B31: 10 | C31: fractional modifier
A32: muzzle_loudness | B32: -5
A33: price | B33: 0 | C33: excluded from performance strength
A35: Ammo-specific metric weights
A36: weighted_damage | B36: 1.5 | C36: points per damage above reference
A37: velocity_drop | B37: 2 | C37: small effect; lower is better
A38: suppression | B38: 3 | C38: moderate effect; higher is better
A39: penetration | B39: 4 | C39: moderate effect; higher is better
